Workbook

Sheet 1
A1: 武汉康恩农贸发展有限公司送货单
A3: 收货单位： | B3: 汉南数智化检测分公司
A4: 配送日期： | B4: 45323
A5: 序号 | B5: 名称 | C5: 规格 | D5: 单位 | E5: 数量 | F5: 超市价格 | G5: 折扣率 | H5: 折后价 | I5: 折后金额 | J5: 备注
A6: 1 | B6: （新鲜）河粉 | D6: 斤 | E6: 5 | F6: =H6/0.85 -> 3.5294118 | G6: =H6/F6 -> 0.85 | H6: 3 | I6: =E6*H6 -> 15
A7: 2 | B7: 馄饨皮 | D7: 斤 | E7: 4 | F7: =H7/0.85 -> 4.1176471 | G7: =H7/F7 -> 0.85 | H7: 3.5 | I7: =E7*H7 -> 14
A8: 3 | B8: 热干面（熟） | D8: 斤 | E8: 6 | F8: =H8/0.85 -> 4.1176471 | G8: =H8/F8 -> 0.85 | H8: 3.5 | I8: =E8*H8 -> 21
A9: 4 | B9: 白萝卜 | D9: 斤 | E9: 8.5 | F9: =H9/0.85 -> 2.3529412 | G9: =H9/F9 -> 0.85 | H9: 2 | I9: =E9*H9 -> 17
A10: 5 | B10: 大藕 | D10: 斤 | E10: 18 | F10: =H10/0.85 -> 4.4705882 | G10: =H10/F10 -> 0.85 | H10: 3.8 | I10: =E10*H10 -> 68.4
A11: 6 | B11: 红菜苔 | D11: 斤 | E11: 12 | F11: =H11/0.85 -> 6.4705882 | G11: =H11/F11 -> 0.85 | H11: 5.5 | I11: =E11*H11 -> 66
A12: 7 | B12: 胡萝卜 | D12: 斤 | E12: 7 | F12: =H12/0.85 -> 2.9411765 | G12: =H12/F12 -> 0.85 | H12: 2.5 | I12: =E12*H12 -> 17.5
A13: 8 | B13: 果冻橙 | D13: 斤 | E13: 32 | F13: =H13/0.85 -> 6.8235294 | G13: =H13/F13 -> 0.85 | H13: 5.8 | I13: =E13*H13 -> 185.6
A14: 9 | B14: 【鲜】净麻鸭 | D14: 斤 | E14: 15 | F14: =H14/0.85 -> 25.882353 | G14: =H14/F14 -> 0.85 | H14: 22 | I14: =E14*H14 -> 330
A15: 10 | B15: 【鲜】五花肉沫 | D15: 斤 | E15: 10 | F15: =H15/0.85 -> 16.235294 | G15: =H15/F15 -> 0.85 | H15: 13.8 | I15: =E15*H15 -> 138
A16: 11 | B16: 【鲜】猪瘦肉片 | D16: 斤 | E16: 9 | F16: =H16/0.85 -> 23.529412 | G16: =H16/F16 -> 0.85 | H16: 20 | I16: =E16*H16 -> 180
A17: 12 | B17: 【鲜】猪通排骨 | D17: 斤 | E17: 10 | F17: =H17/0.85 -> 32.941176 | G17: =H17/F17 -> 0.85 | H17: 28 | I17: =E17*H17 -> 280
A18: 13 | B18: 鑫怡久久海带头 | C18: 9KG/件 | D18: 斤 | E18: 4 | F18: =H18/0.85 -> 10 | G18: =H18/F18 -> 0.85 | H18: 8.5 | I18: =E18*H18 -> 34
A19: 14 | B19: 正和珍珠糯米 | C19: 50斤/袋 | D19: 斤 | E19: 6 | F19: =H19/0.85 -> 5.7647059 | G19: =H19/F19 -> 0.85 | H19: 4.9 | I19: =E19*H19 -> 29.4
A20: 15 | B20: 卤牛骨头 | D20: 斤 | E20: 10 | F20: =H20/0.85 -> 51.764706 | G20: =H20/F20 -> 0.85 | H20: 44 | I20: =E20*H20 -> 440
A21: 16 | B21: 爆浆糍粑 | C21: 300g*20袋/件 | D21: 件 | E21: 1 | F21: =H21/0.85 -> 176.47059 | G21: =H21/F21 -> 0.85 | H21: 150 | I21: =E21*H21 -> 150
A22: 17 | B22: 金龙鱼玉米油 | C22: 5L*4壶/件 | D22: 件 | E22: 2 | F22: =H22/0.85 -> 411.76471 | G22: =H22/F22 -> 0.85 | H22: 350 | I22: =E22*H22 -> 700
A23: 18 | B23: 鲁至尊面粉 | C23: 25kg | D23: 袋 | E23: 1 | F23: =H23/0.85 -> 174.11765 | G23: =H23/F23 -> 0.85 | H23: 148 | I23: =E23*H23 -> 148
A24: 19 | B24: 【鲜】净大草鱼 | D24: 斤 | E24: 16.5 | F24: =H24/0.85 -> 16.235294 | G24: =H24/F24 -> 0.85 | H24: 13.8 | I24: =E24*H24 -> 227.7
A25: 20 | B25: 木鱼公社桂花糕 | C25: 350g*12包/件 | D25: 件 | E25: 2 | F25: =H25/0.85 -> 98.823529 | G25: =H25/F25 -> 0.85 | H25: 84 | I25: =E25*H25 -> 168
A26: 21 | B26: 安卓中号蛋挞皮 20g*60个*5袋/件 | D26: 件 | E26: 1 | F26: =H26/0.85 -> 211.76471 | G26: =H26/F26 -> 0.85 | H26: 180 | I26: =E26*H26 -> 180
A27: 22 | B27: 后腿腊肉 | D27: 斤 | E27: 8 | F27: =H27/0.85 -> 32.941176 | G27: =H27/F27 -> 0.85 | H27: 28 | I27: =E27*H27 -> 224
A28: 23
A29: 24
A30: 25
A31: 26
A32: 供货合计: | B32: =SUM(I6:I31) -> 3633.6
A33: 金额大写： | B33: =B32 -> 3633.6
A34: 制表人 ：樊君丽 收货人： 送货人：

Sheet 2
A1: 武汉康恩农贸发展有限公司送货单
A3: 收货单位： | B3: 汉南数智化检测分公司
A4: 配送日期： | B4: 45324
A5: 序号 | B5: 名称 | C5: 规格 | D5: 单位 | E5: 数量 | F5: 超市价格 | G5: 折扣率 | H5: 折后价 | I5: 折后金额 | J5: 备注
A6: 1 | B6: （新鲜）河粉 | D6: 斤 | E6: 4 | F6: =H6/0.85 -> 3.5294118 | G6: =H6/F6 -> 0.85 | H6: 3 | I6: =E6*H6 -> 12
A7: 2 | B7: 大圆皮 | D7: 斤 | E7: 3 | F7: =H7/0.85 -> 4.7058824 | G7: =H7/F7 -> 0.85 | H7: 4 | I7: =E7*H7 -> 12
A8: 3 | B8: 热干面（熟） | D8: 斤 | E8: 5 | F8: =H8/0.85 -> 4.1176471 | G8: =H8/F8 -> 0.85 | H8: 3.5 | I8: =E8*H8 -> 17.5
A9: 4 | B9: 黄豆芽 | D9: 斤 | E9: 8 | F9: =H9/0.85 -> 2.9411765 | G9: =H9/F9 -> 0.85 | H9: 2.5 | I9: =E9*H9 -> 20
A10: 5 | B10: 白萝卜 | D10: 斤 | E10: 5 | F10: =H10/0.85 -> 2.3529412 | G10: =H10/F10 -> 0.85 | H10: 2 | I10: =E10*H10 -> 10
A11: 6 | B11: 甜玉米棒 | D11: 个 | E11: 8 | F11: =H11/0.85 -> 4.1176471 | G11: =H11/F11 -> 0.85 | H11: 3.5 | I11: =E11*H11 -> 28
A12: 7 | B12: 净泥蒿（去叶） | D12: 斤 | E12: 12 | F12: =H12/0.85 -> 23.529412 | G12: =H12/F12 -> 0.85 | H12: 20 | I12: =E12*H12 -> 240
A13: 8 | B13: 平菇 | D13: 斤 | E13: 5 | F13: =H13/0.85 -> 9.1764706 | G13: =H13/F13 -> 0.85 | H13: 7.8 | I13: =E13*H13 -> 39
A14: 9 | B14: 韭菜 | D14: 斤 | E14: 2 | F14: =H14/0.85 -> 5.6470588 | G14: =H14/F14 -> 0.85 | H14: 4.8 | I14: =E14*H14 -> 9.6
A15: 10 | B15: 薄千张 | D15: 斤 | E15: 3 | F15: =H15/0.85 -> 8 | G15: =H15/F15 -> 0.85 | H15: 6.8 | I15: =E15*H15 -> 20.4
A16: 11 | B16: 嫩豆腐 | D16: 斤 | E16: 17 | F16: =H16/0.85 -> 4.1176471 | G16: =H16/F16 -> 0.85 | H16: 3.5 | I16: =E16*H16 -> 59.5
A17: 12 | B17: 牛排骨 | D17: 斤 | E17: 10 | F17: =H17/0.85 -> 41.176471 | G17: =H17/F17 -> 0.85 | H17: 35 | I17: =E17*H17 -> 350
A18: 13 | B18: 【鲜】五花肉沫 | D18: 斤 | E18: 8 | F18: =H18/0.85 -> 16.235294 | G18: =H18/F18 -> 0.85 | H18: 13.8 | I18: =E18*H18 -> 110.4
A19: 14 | B19: 【鲜】净大鲫鱼 | C19: 4两 | D19: 斤 | E19: 9 | F19: =H19/0.85 -> 19.764706 | G19: =H19/F19 -> 0.85 | H19: 16.8 | I19: =E19*H19 -> 151.2
A20: 15 | B20: 干辣椒节 | C20: 散称 | D20: 斤 | E20: 8 | F20: =H20/0.85 -> 30.588235 | G20: =H20/F20 -> 0.85 | H20: 26 | I20: =E20*H20 -> 208
A21: 16 | B21: 红花椒 | D21: 斤 | E21: 3 | F21: =H21/0.85 -> 103.52941 | G21: =H21/F21 -> 0.85 | H21: 88 | I21: =E21*H21 -> 264
A22: 17 | B22: 合鑫泰东北珍珠香米 | C22: 25kg/包 | D22: 袋 | E22: 2 | F22: =H22/0.85 -> 205.88235 | G22: =H22/F22 -> 0.85 | H22: 175 | I22: =E22*H22 -> 350
A23: 18 | B23: 光明健能酸奶180g | C23: 180g | D23: 杯 | E23: 25 | F23: =H23/0.85 -> 4.1176471 | G23: =H23/F23 -> 0.85 | H23: 3.5 | I23: =E23*H23 -> 87.5
A24: 19 | B24: 光明新鲜牧场鲜奶 | C24: 200ml | D24: 杯 | E24: 56 | F24: =H24/0.85 -> 3.7647059 | G24: =H24/F24 -> 0.85 | H24: 3.2 | I24: =E24*H24 -> 179.2
A25: 20 | B25: 鲜羊肉（纯肉去骨） | D25: 斤 | E25: 8 | F25: =H25/0.85 -> 56.470588 | G25: =H25/F25 -> 0.85 | H25: 48 | I25: =E25*H25 -> 384
A26: 21 | B26: 【鲜】精品五花 | D26: 斤 | E26: 8 | F26: =H26/0.85 -> 22.941176 | G26: =H26/F26 -> 0.85 | H26: 19.5 | I26: =E26*H26 -> 156
A27: 22 | B27: 【鲜】净三黄鸡 | D27: 斤 | E27: 15.3 | F27: =H27/0.85 -> 17.411765 | G27: =H27/F27 -> 0.85 | H27: 14.8 | I27: =E27*H27 -> 226.44
A28: 23
A29: 24
A30: 25
A31: 26
A32: 27
A33: 28
A34: 供货合计: | B34: =SUM(I6:I33) -> 2934.74
A35: 金额大写： | B35: =B34 -> 2934.74
A36: 制表人 ：樊君丽 收货人： 送货人：

Sheet 4
A1: 武汉康恩农贸发展有限公司送货单
A3: 收货单位： | B3: 汉南数智化检测分公司
A4: 配送日期： | B4: 45326
A5: 序号 | B5: 名称 | C5: 规格 | D5: 单位 | E5: 数量 | F5: 超市价格 | G5: 折扣率 | H5: 折后价 | I5: 折后金额 | J5: 备注
A6: 1 | B6: （新鲜）河粉 | D6: 斤 | E6: 9 | F6: =H6/0.85 -> 3.5294118 | G6: =H6/F6 -> 0.85 | H6: 3 | I6: =E6*H6 -> 27
A7: 2 | B7: 干细粉 | C7: 散称 | D7: 斤 | E7: 6 | F7: =H7/0.85 -> 4.1176471 | G7: =H7/F7 -> 0.85 | H7: 3.5 | I7: =E7*H7 -> 21
A8: 3 | B8: 热干面（熟） | D8: 斤 | E8: 7 | F8: =H8/0.85 -> 4.1176471 | G8: =H8/F8 -> 0.85 | H8: 3.5 | I8: =E8*H8 -> 24.5
A9: 4 | B9: 新鲜甜青豆米 | D9: 斤 | E9: 8 | F9: =H9/0.85 -> 32.941176 | G9: =H9/F9 -> 0.85 | H9: 28 | I9: =E9*H9 -> 224
A10: 5 | B10: 新鲜玉米粒 | D10: 斤 | E10: 7 | F10: =H10/0.85 -> 9.4117647 | G10: =H10/F10 -> 0.85 | H10: 8 | I10: =E10*H10 -> 56
A11: 6 | B11: 大红薯 | D11: 斤 | E11: 10 | F11: =H11/0.85 -> 4.1176471 | G11: =H11/F11 -> 0.85 | H11: 3.5 | I11: =E11*H11 -> 35
A12: 7 | B12: 胡萝卜 | D12: 斤 | E12: 6 | F12: =H12/0.85 -> 2.9411765 | G12: =H12/F12 -> 0.85 | H12: 2.5 | I12: =E12*H12 -> 15
A13: 8 | B13: 甜玉米棒 | D13: 个 | E13: 14 | F13: =H13/0.85 -> 5.2941176 | G13: =H13/F13 -> 0.85 | H13: 4.5 | I13: =E13*H13 -> 63
A14: 9 | B14: 西红柿 | D14: 斤 | E14: 24.2 | F14: =H14/0.85 -> 5.6470588 | G14: =H14/F14 -> 0.85 | H14: 4.8 | I14: =E14*H14 -> 116.16
A15: 10 | B15: 金针菇 | D15: 斤 | E15: 8 | F15: =H15/0.85 -> 6.8235294 | G15: =H15/F15 -> 0.85 | H15: 5.8 | I15: =E15*H15 -> 46.4
A16: 11 | B16: 小白菜 | D16: 斤 | E16: 6 | F16: =H16/0.85 -> 4.1176471 | G16: =H16/F16 -> 0.85 | H16: 3.5 | I16: =E16*H16 -> 21
A17: 12 | B17: 油麦菜 | D17: 斤 | E17: 12 | F17: =H17/0.85 -> 5.2941176 | G17: =H17/F17 -> 0.85 | H17: 4.5 | I17: =E17*H17 -> 54
A18: 13 | B18: 光明健能酸奶180g | C18: 180g | D18: 杯 | E18: 55 | F18: =H18/0.85 -> 4.1176471 | G18: =H18/F18 -> 0.85 | H18: 3.5 | I18: =E18*H18 -> 192.5
A19: 14 | B19: 光明新鲜牧场鲜奶 | C19: 200ml | D19: 杯 | E19: 50 | F19: =H19/0.85 -> 3.7647059 | G19: =H19/F19 -> 0.85 | H19: 3.2 | I19: =E19*H19 -> 160
A20: 15 | B20: 【鲜】猪瘦肉片 | D20: 斤 | E20: 5 | F20: =H20/0.85 -> 23.529412 | G20: =H20/F20 -> 0.85 | H20: 20 | I20: =E20*H20 -> 100
A21: 16 | B21: 卤牛肚 | D21: 斤 | E21: 8 | F21: =H21/0.85 -> 103.52941 | G21: =H21/F21 -> 0.85 | H21: 88 | I21: =E21*H21 -> 704
A22: 17 | B22: 卤牛肉 | D22: 斤 | E22: 5 | F22: =H22/0.85 -> 103.52941 | G22: =H22/F22 -> 0.85 | H22: 88 | I22: =E22*H22 -> 440
A23: 18
A24: 19
A25: 20
A26: 21
A27: 22
A28: 23
A29: 24
A30: 25
A31: 26
A32: 27
A33: 28
A34: 供货合计: | B34: =SUM(I6:I33) -> 2299.56
A35: 金额大写： | B35: =B34 -> 2299.56
A36: 制表人 ：樊君丽 收货人： 送货人：

Sheet 5
A1: 武汉康恩农贸发展有限公司送货单
A3: 收货单位： | B3: 汉南数智化检测分公司
A4: 配送日期： | B4: 45327
A5: 序号 | B5: 名称 | C5: 规格 | D5: 单位 | E5: 数量 | F5: 超市价格 | G5: 折扣率 | H5: 折后价 | I5: 折后金额 | J5: 备注
A6: 1 | B6: （新鲜）河粉 | D6: 斤 | E6: 3 | F6: =H6/0.85 -> 3.5294118 | G6: =H6/F6 -> 0.85 | H6: 3 | I6: =E6*H6 -> 9
A7: 2 | B7: 热干面（熟） | D7: 斤 | E7: 7 | F7: =H7/0.85 -> 4.1176471 | G7: =H7/F7 -> 0.85 | H7: 3.5 | I7: =E7*H7 -> 24.5
A8: 3 | B8: 小葱 | D8: 斤 | E8: 1 | F8: =H8/0.85 -> 8 | G8: =H8/F8 -> 0.85 | H8: 6.8 | I8: =E8*H8 -> 6.8
A9: 4 | B9: 大藕 | D9: 斤 | E9: 10 | F9: =H9/0.85 -> 6.8235294 | G9: =H9/F9 -> 0.85 | H9: 5.8 | I9: =E9*H9 -> 58
A10: 5 | B10: 红椒 | D10: 斤 | E10: 4 | F10: =H10/0.85 -> 8.8235294 | G10: =H10/F10 -> 0.85 | H10: 7.5 | I10: =E10*H10 -> 30
A11: 6 | B11: 青椒 | D11: 斤 | E11: 4 | F11: =H11/0.85 -> 5.6470588 | G11: =H11/F11 -> 0.85 | H11: 4.8 | I11: =E11*H11 -> 19.2
A12: 7 | B12: 平菇 | D12: 斤 | E12: 7 | F12: =H12/0.85 -> 11.529412 | G12: =H12/F12 -> 0.85 | H12: 9.8 | I12: =E12*H12 -> 68.6
A13: 8 | B13: 杏鲍菇 | D13: 斤 | E13: 7 | F13: =H13/0.85 -> 6.8235294 | G13: =H13/F13 -> 0.85 | H13: 5.8 | I13: =E13*H13 -> 40.6
A14: 9 | B14: 菠菜 | D14: 斤 | E14: 13 | F14: =H14/0.85 -> 5.6470588 | G14: =H14/F14 -> 0.85 | H14: 4.8 | I14: =E14*H14 -> 62.4
A15: 10 | B15: 细土芹 | D15: 斤 | E15: 6 | F15: =H15/0.85 -> 5.6470588 | G15: =H15/F15 -> 0.85 | H15: 4.8 | I15: =E15*H15 -> 28.8
A16: 11 | B16: 橙子 | D16: 斤 | E16: 26.7 | F16: =H16/0.85 -> 6.8235294 | G16: =H16/F16 -> 0.85 | H16: 5.8 | I16: =E16*H16 -> 154.86
A17: 12 | B17: 嫩豆腐 | D17: 斤 | E17: 15 | F17: =H17/0.85 -> 4.1176471 | G17: =H17/F17 -> 0.85 | H17: 3.5 | I17: =E17*H17 -> 52.5
... A23: 18 | B23: 肉圆 | D23: 斤 | E23: 5 | F23: =H23/0.85 -> 30.588235 | G23: =H23/F23 -> 0.85 | H23: 26 | I23: =E23*H23 -> 130
A24: 19
A25: 20
A26: 21
A27: 22
A28: 23
A29: 24
A30: 25
A31: 26
A32: 27
A33: 28
A34: 供货合计: | B34: =SUM(I6:I33) -> 1509.76
A35: 金额大写： | B35: =B34 -> 1509.76
A36: 制表人 ：樊君丽 收货人： 送货人：

Sheet 6
A1: 武汉康恩农贸发展有限公司送货单
A3: 收货单位： | B3: 汉南数智化检测分公司
A4: 配送日期： | B4: 45328
A5: 序号 | B5: 名称 | C5: 规格 | D5: 单位 | E5: 数量 | F5: 超市价格 | G5: 折扣率 | H5: 折后价 | I5: 折后金额 | J5: 备注
A6: 1 | B6: （新鲜）河粉 | D6: 斤 | E6: 5 | F6: =H6/0.85 -> 3.5294118 | G6: =H6/F6 -> 0.85 | H6: 3 | I6: =E6*H6 -> 15
A7: 2 | B7: 热干面（熟） | D7: 斤 | E7: 6 | F7: =H7/0.85 -> 4.1176471 | G7: =H7/F7 -> 0.85 | H7: 3.5 | I7: =E7*H7 -> 21
A8: 3 | B8: 生面窝浆 | D8: 斤 | E8: 5 | F8: =H8/0.85 -> 7.0588235 | G8: =H8/F8 -> 0.85 | H8: 6 | I8: =E8*H8 -> 30
A9: 4 | B9: 生姜 | D9: 斤 | E9: 5 | F9: =H9/0.85 -> 15.058824 | G9: =H9/F9 -> 0.85 | H9: 12.8 | I9: =E9*H9 -> 64
A10: 5 | B10: 红椒 | D10: 斤 | E10: 5 | F10: =H10/0.85 -> 8.8235294 | G10: =H10/F10 -> 0.85 | H10: 7.5 | I10: =E10*H10 -> 37.5
A11: 6 | B11: 青椒 | D11: 斤 | E11: 5 | F11: =H11/0.85 -> 5.6470588 | G11: =H11/F11 -> 0.85 | H11: 4.8 | I11: =E11*H11 -> 24
A12: 7 | B12: 西芹 | D12: 斤 | E12: 18 | F12: =H12/0.85 -> 5.6470588 | G12: =H12/F12 -> 0.85 | H12: 4.8 | I12: =E12*H12 -> 86.4
A13: 9 | B13: 生菜 | D13: 斤 | E13: 16 | F13: =H13/0.85 -> 5.6470588 | G13: =H13/F13 -> 0.85 | H13: 4.8 | I13: =E13*H13 -> 76.8
A14: 10 | B14: 鲜羊肉（纯肉去骨） | D14: 斤 | E14: 8 | F14: =H14/0.85 -> 56.470588 | G14: =H14/F14 -> 0.85 | H14: 48 | I14: =E14*H14 -> 384
A15: 11 | B15: 小白菜 | D15: 斤 | E15: 6 | F15: =H15/0.85 -> 7.0588235 | G15: =H15/F15 -> 0.85 | H15: 6 | I15: =E15*H15 -> 36
A16: 12 | B16: 【鲜】猪通排骨 | D16: 斤 | E16: 18 | F16: =H16/0.85 -> 32.941176 | G16: =H16/F16 -> 0.85 | H16: 28 | I16: =E16*H16 -> 504
A17: 13 | B17: 后腿腊肉 | D17: 斤 | E17: 7 | F17: =H17/0.85 -> 32.941176 | G17: =H17/F17 -> 0.85 | H17: 28 | I17: =E17*H17 -> 196
A18: 14 | B18: 顺发鸡翅中 | C18: 1kg*10袋/件 | D18: 袋 | E18: 16 | F18: =H18/0.85 -> 64.705882 | G18: =H18/F18 -> 0.85 | H18: 55 | I18: =E18*H18 -> 880
A19: 15 | B19: 干豆丝 | D19: 斤 | E19: 6 | F19: =H19/0.85 -> 8 | G19: =H19/F19 -> 0.85 | H19: 6.8 | I19: =E19*H19 -> 40.8
A20: 16 | B20: 农家香肠（麻辣） | D20: 斤 | E20: 11 | F20: =H20/0.85 -> 37.647059 | G20: =H20/F20 -> 0.85 | H20: 32 | I20: =E20*H20 -> 352
A21: 17 | B21: 味椒盐45g | C21: 45g*18瓶/件 | D21: 瓶 | E21: 4 | F21: =H21/0.85 -> 2.3529412 | G21: =H21/F21 -> 0.85 | H21: 2 | I21: =E21*H21 -> 8
A22: 18 | B22: 无核小红枣（小） | C22: 散称 | D22: 斤 | E22: 6 | F22: =H22/0.85 -> 14.117647 | G22: =H22/F22 -> 0.85 | H22: 12 | I22: =E22*H22 -> 72
A23: 19 | B23: 干黄豆 | C23: 50斤/件 | D23: 斤 | E23: 6 | F23: =H23/0.85 -> 6.4705882 | G23: =H23/F23 -> 0.85 | H23: 5.5 | I23: =E23*H23 -> 33
A24: 20 | B24: 黑豆 | C24: 散称 | D24: 斤 | E24: 8 | F24: =H24/0.85 -> 8 | G24: =H24/F24 -> 0.85 | H24: 6.8 | I24: =E24*H24 -> 54.4
A25: 21 | B25: 光明健能酸奶180g | C25: 180g | D25: 杯 | E25: 74 | F25: =H25/0.85 -> 4.1176471 | G25: =H25/F25 -> 0.85 | H25: 3.5 | I25: =E25*H25 -> 259
A26: 22 | B26: 光明新鲜牧场鲜奶 | C26: 200ml | D26: 杯 | E26: 60 | F26: =H26/0.85 -> 3.7647059 | G26: =H26/F26 -> 0.85 | H26: 3.2 | I26: =E26*H26 -> 192
A27: 24
A28: 25
A29: 26
A30: 27
A31: 28
A32: 29
A33: 供货合计: | B33: =SUM(I6:I32) -> 3365.9
A34: 金额大写： | B34: =B33 -> 3365.9
A35: 制表人 ：樊君丽 收货人： 送货人：

Sheet 18
A1: 武汉康恩农贸发展有限公司送货单
A3: 收货单位： | B3: 汉南数智化检测分公司
A4: 配送日期： | B4: 45340
A5: 序号 | B5: 名称 | C5: 规格 | D5: 单位 | E5: 数量 | F5: 超市价格 | G5: 折扣率 | H5: 折后价 | I5: 折后金额 | J5: 备注
A6: 1 | B6: （新鲜）河粉 | D6: 斤 | E6: 10 | F6: =H6/0.85 -> 3.5294118 | G6: =H6/F6 -> 0.85 | H6: 3 | I6: =E6*H6 -> 30
A7: 2 | B7: 大圆皮 | D7: 斤 | E7: 5 | F7: =H7/0.85 -> 4.7058824 | G7: =H7/F7 -> 0.85 | H7: 4 | I7: =E7*H7 -> 20
A8: 3 | B8: 热干面（熟） | D8: 斤 | E8: 7 | F8: =H8/0.85 -> 4.1176471 | G8: =H8/F8 -> 0.85 | H8: 3.5 | I8: =E8*H8 -> 24.5
A9: 4 | B9: 生姜 | D9: 斤 | E9: 5 | F9: =H9/0.85 -> 15.058824 | G9: =H9/F9 -> 0.85 | H9: 12.8 | I9: =E9*H9 -> 64
A10: 5 | B10: 蒜米 | D10: 包 | E10: 5 | F10: =H10/0.85 -> 15.058824 | G10: =H10/F10 -> 0.85 | H10: 12.8 | I10: =E10*H10 -> 64
A11: 6 | B11: 小葱 | D11: 斤 | E11: 3 | F11: =H11/0.85 -> 8 | G11: =H11/F11 -> 0.85 | H11: 6.8 | I11: =E11*H11 -> 20.4
A12: 7 | B12: 红椒 | D12: 斤 | E12: 6 | F12: =H12/0.85 -> 8.8235294 | G12: =H12/F12 -> 0.85 | H12: 7.5 | I12: =E12*H12 -> 45
A13: 8 | B13: 青椒 | D13: 斤 | E13: 5 | F13: =H13/0.85 -> 5.6470588 | G13: =H13/F13 -> 0.85 | H13: 4.8 | I13: =E13*H13 -> 24
A14: 9 | B14: 甜玉米棒 | D14: 个 | E14: 12 | F14: =H14/0.85 -> 5.2941176 | G14: =H14/F14 -> 0.85 | H14: 4.5 | I14: =E14*H14 -> 54
A15: 10 | B15: 小红薯 | D15: 斤 | E15: 10 | F15: =H15/0.85 -> 4.1176471 | G15: =H15/F15 -> 0.85 | H15: 3.5 | I15: =E15*H15 -> 35
A16: 11 | B16: 黄瓜 | D16: 斤 | E16: 5 | F16: =H16/0.85 -> 4.4705882 | G16: =H16/F16 -> 0.85 | H16: 3.8 | I16: =E16*H16 -> 19
A17: 12 | B17: 新鲜花菇 | D17: 斤 | E17: 8 | F17: =H17/0.85 -> 17.647059 | G17: =H17/F17 -> 0.85 | H17: 15 | I17: =E17*H17 -> 120
... A24: 19 | B24: 板豆腐6斤/板 | D24: 斤 | E24: 6 | F24: =H24/0.85 -> 4.1176471 | G24: =H24/F24 -> 0.85 | H24: 3.5 | I24: =E24*H24 -> 21
A25: 20 | B25: 红壳鸡蛋 | C25: 12板/件 | D25: 件 | E25: 1 | F25: =H25/0.85 -> 352.94118 | G25: =H25/F25 -> 0.85 | H25: 300 | I25: =E25*H25 -> 300
A26: 21 | B26: 【鲜】净三黄鸡 | D26: 斤 | E26: 17 | F26: =H26/0.85 -> 17.411765 | G26: =H26/F26 -> 0.85 | H26: 14.8 | I26: =E26*H26 -> 251.6
A27: 22 | B27: 【鲜】五花肉沫 | D27: 斤 | E27: 5 | F27: =H27/0.85 -> 16.235294 | G27: =H27/F27 -> 0.85 | H27: 13.8 | I27: =E27*H27 -> 69
A28: 23 | B28: 【鲜】猪瘦肉片 | D28: 斤 | E28: 5 | F28: =H28/0.85 -> 23.529412 | G28: =H28/F28 -> 0.85 | H28: 20 | I28: =E28*H28 -> 100
A29: 24 | B29: 【鲜】猪通排骨 | D29: 斤 | E29: 8 | F29: =H29/0.85 -> 32.941176 | G29: =H29/F29 -> 0.85 | H29: 28 | I29: =E29*H29 -> 224
A30: 25 | B30: 【鲜】猪血 | D30: 斤 | E30: 6 | F30: =H30/0.85 -> 5.8823529 | G30: =H30/F30 -> 0.85 | H30: 5 | I30: =E30*H30 -> 30
A31: 26 | B31: 八角 | C31: 散称 | D31: 斤 | E31: 4 | F31: =H31/0.85 -> 56.470588 | G31: =H31/F31 -> 0.85 | H31: 48 | I31: =E31*H31 -> 192
A32: 27 | B32: 干辣椒节 | C32: 散称 | D32: 斤 | E32: 5 | F32: =H32/0.85 -> 30.588235 | G32: =H32/F32 -> 0.85 | H32: 26 | I32: =E32*H32 -> 130
A33: 28 | B33: 安卓中号蛋挞皮 20g*60个*5袋/件 | D33: 件 | E33: 1 | F33: =H33/0.85 -> 211.76471 | G33: =H33/F33 -> 0.85 | H33: 180 | I33: =E33*H33 -> 180
A34: 29 | B34: 合鑫泰东北珍珠香米 | C34: 25kg/包 | D34: 袋 | E34: 2 | F34: =H34/0.85 -> 205.88235 | G34: =H34/F34 -> 0.85 | H34: 175 | I34: =E34*H34 -> 350
A35: 30 | B35: 桂皮 | C35: 散称 | D35: 斤 | E35: 2 | F35: =H35/0.85 -> 32.941176 | G35: =H35/F35 -> 0.85 | H35: 28 | I35: =E35*H35 -> 56
A36: 31 | B36: 鑫怡久久海带头 | C36: 9KG/件 | D36: 斤 | E36: 5 | F36: =H36/0.85 -> 10 | G36: =H36/F36 -> 0.85 | H36: 8.5 | I36: =E36*H36 -> 42.5
A37: 32 | B37: 金龙鱼玉米油 | C37: 5L*4壶/件 | D37: 件 | E37: 2 | F37: =H37/0.85 -> 411.76471 | G37: =H37/F37 -> 0.85 | H37: 350 | I37: =E37*H37 -> 700
A38: 33 | B38: 光明新鲜牧场鲜奶 | C38: 200ml | D38: 杯 | E38: 55 | F38: =H38/0.85 -> 3.7647059 | G38: =H38/F38 -> 0.85 | H38: 3.2 | I38: =E38*H38 -> 176
A39: 34 | B39: 卤牛肉 | D39: 斤 | E39: 5 | F39: =H39/0.85 -> 103.52941 | G39: =H39/F39 -> 0.85 | H39: 88 | I39: =E39*H39 -> 440
A40: 供货合计: | B40: =SUM(I6:I39) -> 4585.55
A41: 金额大写： | B41: =B40 -> 4585.55
A42: 制表人 ：樊君丽 收货人： 送货人：

Sheet 19
A1: 武汉康恩农贸发展有限公司送货单
A3: 收货单位： | B3: 汉南数智化检测分公司
A4: 配送日期： | B4: 45341
A5: 序号 | B5: 名称 | C5: 规格 | D5: 单位 | E5: 数量 | F5: 超市价格 | G5: 折扣率 | H5: 折后价 | I5: 折后金额 | J5: 备注
A6: 1 | B6: （新鲜）河粉 | D6: 斤 | E6: 6 | F6: =H6/0.85 -> 3.5294118 | G6: =H6/F6 -> 0.85 | H6: 3 | I6: =E6*H6 -> 18
A7: 2 | B7: 大圆皮 | D7: 斤 | E7: 2 | F7: =H7/0.85 -> 4.7058824 | G7: =H7/F7 -> 0.85 | H7: 4 | I7: =E7*H7 -> 8
A8: 3 | B8: 热干面（熟） | D8: 斤 | E8: 7 | F8: =H8/0.85 -> 4.1176471 | G8: =H8/F8 -> 0.85 | H8: 3.5 | I8: =E8*H8 -> 24.5
A9: 4 | B9: 大藕 | D9: 斤 | E9: 15 | F9: =H9/0.85 -> 6.8235294 | G9: =H9/F9 -> 0.85 | H9: 5.8 | I9: =E9*H9 -> 87
A10: 5 | B10: 红椒 | D10: 斤 | E10: 2 | F10: =H10/0.85 -> 8.8235294 | G10: =H10/F10 -> 0.85 | H10: 7.5 | I10: =E10*H10 -> 15
A11: 6 | B11: 青椒 | D11: 斤 | E11: 2 | F11: =H11/0.85 -> 5.6470588 | G11: =H11/F11 -> 0.85 | H11: 4.8 | I11: =E11*H11 -> 9.6
A12: 7 | B12: 西芹 | D12: 斤 | E12: 8 | F12: =H12/0.85 -> 5.6470588 | G12: =H12/F12 -> 0.85 | H12: 4.8 | I12: =E12*H12 -> 38.4
A13: 8 | B13: 平菇 | D13: 斤 | E13: 2 | F13: =H13/0.85 -> 11.529412 | G13: =H13/F13 -> 0.85 | H13: 9.8 | I13: =E13*H13 -> 19.6
A14: 9 | B14: 大白菜 | D14: 斤 | E14: 12 | F14: =H14/0.85 -> 2.1176471 | G14: =H14/F14 -> 0.85 | H14: 1.8 | I14: =E14*H14 -> 21.6
A15: 10 | B15: 熟鹌鹑蛋 | D15: 斤 | E15: 3 | F15: =H15/0.85 -> 16.235294 | G15: =H15/F15 -> 0.85 | H15: 13.8 | I15: =E15*H15 -> 41.4
A16: 11 | B16: 【鲜】五花肉沫 | D16: 斤 | E16: 8 | F16: =H16/0.85 -> 16.235294 | G16: =H16/F16 -> 0.85 | H16: 13.8 | I16: =E16*H16 -> 110.4
A17: 12 | B17: 【鲜】净大草鱼 | D17: 斤 | E17: 12.5 | F17: =H17/0.85 -> 16.235294 | G17: =H17/F17 -> 0.85 | H17: 13.8 | I17: =E17*H17 -> 172.5
A18: 13 | B18: 木鱼公社桂花糕 | C18: 350g*12包/件 | D18: 件 | E18: 2 | F18: =H18/0.85 -> 98.823529 | G18: =H18/F18 -> 0.85 | H18: 84 | I18: =E18*H18 -> 168
A19: 14 | B19: 白砂糖 | D19: 斤 | E19: 20 | F19: =H19/0.85 -> 5.7647059 | G19: =H19/F19 -> 0.85 | H19: 4.9 | I19: =E19*H19 -> 98
A20: 15 | B20: 劲宝超级生粉 | C20: 5kg | D20: 袋 | E20: 2 | F20: =H20/0.85 -> 97.647059 | G20: =H20/F20 -> 0.85 | H20: 83 | I20: =E20*H20 -> 166
A21: 16 | B21: 芝麻酱 | C21: 散称 | D21: 斤 | E21: 10 | F21: =H21/0.85 -> 14.117647 | G21: =H21/F21 -> 0.85 | H21: 12 | I21: =E21*H21 -> 120
A22: 17 | B22: 鲁至尊面粉 | C22: 25kg | D22: 袋 | E22: 1 | F22: =H22/0.85 -> 174.11765 | G22: =H22/F22 -> 0.85 | H22: 148 | I22: =E22*H22 -> 148
A23: 18 | B23: 光明健能酸奶180g | C23: 180g | D23: 杯 | E23: 50 | F23: =H23/0.85 -> 4.1176471 | G23: =H23/F23 -> 0.85 | H23: 3.5 | I23: =E23*H23 -> 175
A24: 19 | B24: 虾皮 | C24: 散称 | D24: 斤 | E24: 1 | F24: =H24/0.85 -> 29.411765 | G24: =H24/F24 -> 0.85 | H24: 25 | I24: =E24*H24 -> 25
A25: 20 | B25: 卤牛肚 | D25: 斤 | E25: 8 | F25: =H25/0.85 -> 103.52941 | G25: =H25/F25 -> 0.85 | H25: 88 | I25: =E25*H25 -> 704
A26: 22
A27: 23
A28: 24
A29: 25
A30: 26
A31: 27
A32: 28
A33: 供货合计: | B33: =SUM(I6:I32) -> 2170
A34: 金额大写： | B34: =B33 -> 2170
A35: 制表人 ：樊君丽 收货人： 送货人：

Sheet 20
A1: 武汉康恩农贸发展有限公司送货单
A3: 收货单位： | B3: 汉南数智化检测分公司
A4: 配送日期： | B4: 45342
A5: 序号 | B5: 名称 | C5: 规格 | D5: 单位 | E5: 数量 | F5: 超市价格 | G5: 折扣率 | H5: 折后价 | I5: 折后金额 | J5: 备注
A6: 1 | B6: （新鲜）河粉 | D6: 斤 | E6: 7 | F6: =H6/0.85 -> 3.5294118 | G6: =H6/F6 -> 0.85 | H6: 3 | I6: =E6*H6 -> 21
A7: 2 | B7: 热干面（熟） | D7: 斤 | E7: 8 | F7: =H7/0.85 -> 4.1176471 | G7: =H7/F7 -> 0.85 | H7: 3.5 | I7: =E7*H7 -> 28
A8: 3 | B8: 红皮洋葱 | D8: 斤 | E8: 5 | F8: =H8/0.85 -> 2.9411765 | G8: =H8/F8 -> 0.85 | H8: 2.5 | I8: =E8*H8 -> 12.5
A9: 4 | B9: 大土豆 | D9: 斤 | E9: 15 | F9: =H9/0.85 -> 4.1176471 | G9: =H9/F9 -> 0.85 | H9: 3.5 | I9: =E9*H9 -> 52.5
A10: 5 | B10: 红椒 | D10: 斤 | E10: 5 | F10: =H10/0.85 -> 8.8235294 | G10: =H10/F10 -> 0.85 | H10: 7.5 | I10: =E10*H10 -> 37.5
A11: 6 | B11: 青椒 | D11: 斤 | E11: 5 | F11: =H11/0.85 -> 5.6470588 | G11: =H11/F11 -> 0.85 | H11: 4.8 | I11: =E11*H11 -> 24
A12: 7 | B12: 金针菇 | D12: 斤 | E12: 5 | F12: =H12/0.85 -> 6.8235294 | G12: =H12/F12 -> 0.85 | H12: 5.8 | I12: =E12*H12 -> 29
A13: 8 | B13: 生菜 | D13: 斤 | E13: 12 | F13: =H13/0.85 -> 5.6470588 | G13: =H13/F13 -> 0.85 | H13: 4.8 | I13: =E13*H13 -> 57.6
A14: 9 | B14: 细土芹 | D14: 斤 | E14: 5 | F14: =H14/0.85 -> 5.6470588 | G14: =H14/F14 -> 0.85 | H14: 4.8 | I14: =E14*H14 -> 24
A15: 10 | B15: 小白菜 | D15: 斤 | E15: 5 | F15: =H15/0.85 -> 7.0588235 | G15: =H15/F15 -> 0.85 | H15: 6 | I15: =E15*H15 -> 30
A16: 11 | B16: 橙子 | D16: 斤 | E16: 23.5 | F16: =H16/0.85 -> 6.8235294 | G16: =H16/F16 -> 0.85 | H16: 5.8 | I16: =E16*H16 -> 136.3
A17: 12 | B17: 面筋 | D17: 斤 | E17: 7 | F17: =H17/0.85 -> 8 | G17: =H17/F17 -> 0.85 | H17: 6.8 | I17: =E17*H17 -> 47.6
... A20: 15 | B20: 东北盛市三色米 | D20: 斤 | E20: 7 | F20: =H20/0.85 -> 5.8823529 | G20: =H20/F20 -> 0.85 | H20: 5 | I20: =E20*H20 -> 35
A21: 16 | B21: 光明新鲜牧场鲜奶 | C21: 200ml | D21: 杯 | E21: 56 | F21: =H21/0.85 -> 3.7647059 | G21: =H21/F21 -> 0.85 | H21: 3.2 | I21: =E21*H21 -> 179.2
A22: 17 | B22: 肉圆 | D22: 斤 | E22: 8 | F22: =H22/0.85 -> 30.588235 | G22: =H22/F22 -> 0.85 | H22: 26 | I22: =E22*H22 -> 208
A23: 18 | B23: 卤牛肉 | D23: 斤 | E23: 8 | F23: =H23/0.85 -> 103.52941 | G23: =H23/F23 -> 0.85 | H23: 88 | I23: =E23*H23 -> 704
A24: 19 | B24: 鲜羊肉（纯肉去骨） | D24: 斤 | E24: 8 | F24: =H24/0.85 -> 56.470588 | G24: =H24/F24 -> 0.85 | H24: 48 | I24: =E24*H24 -> 384
A25: 20
A26: 21
A27: 22
A28: 23
A29: 24
A30: 25
A31: 26
A32: 27
A33: 28
A34: 供货合计: | B34: =SUM(I6:I33) -> 2226.6
A35: 金额大写： | B35: =B34 -> 2226.6
A36: 制表人 ：樊君丽 收货人： 送货人：

Sheet 21
A1: 武汉康恩农贸发展有限公司送货单
A3: 收货单位： | B3: 汉南数智化检测分公司
A4: 配送日期： | B4: 45343
A5: 序号 | B5: 名称 | C5: 规格 | D5: 单位 | E5: 数量 | F5: 超市价格 | G5: 折扣率 | H5: 折后价 | I5: 折后金额 | J5: 备注
A6: 1 | B6: （新鲜）河粉 | D6: 斤 | E6: 4 | F6: =H6/0.85 -> 3.5294118 | G6: =H6/F6 -> 0.85 | H6: 3 | I6: =E6*H6 -> 12
A7: 2 | B7: 干细粉 | C7: 散称 | D7: 斤 | E7: 10 | F7: =H7/0.85 -> 4.1176471 | G7: =H7/F7 -> 0.85 | H7: 3.5 | I7: =E7*H7 -> 35
A8: 3 | B8: 馄饨皮 | D8: 斤 | E8: 4 | F8: =H8/0.85 -> 4.1176471 | G8: =H8/F8 -> 0.85 | H8: 3.5 | I8: =E8*H8 -> 14
A9: 4 | B9: 热干面（熟） | D9: 斤 | E9: 5 | F9: =H9/0.85 -> 4.1176471 | G9: =H9/F9 -> 0.85 | H9: 3.5 | I9: =E9*H9 -> 17.5
A10: 5 | B10: 生面窝浆 | D10: 斤 | E10: 5 | F10: =H10/0.85 -> 7.0588235 | G10: =H10/F10 -> 0.85 | H10: 6 | I10: =E10*H10 -> 30
A11: 6 | B11: 铁棍山药 | D11: 斤 | E11: 5 | F11: =H11/0.85 -> 10.352941 | G11: =H11/F11 -> 0.85 | H11: 8.8 | I11: =E11*H11 -> 44
A12: 7 | B12: 紫薯 | D12: 斤 | E12: 5 | F12: =H12/0.85 -> 6.8235294 | G12: =H12/F12 -> 0.85 | H12: 5.8 | I12: =E12*H12 -> 29
A13: 8 | B13: 平菇 | D13: 斤 | E13: 7 | F13: =H13/0.85 -> 11.529412 | G13: =H13/F13 -> 0.85 | H13: 9.8 | I13: =E13*H13 -> 68.6
A14: 9 | B14: 菠菜 | D14: 斤 | E14: 15 | F14: =H14/0.85 -> 5.6470588 | G14: =H14/F14 -> 0.85 | H14: 4.8 | I14: =E14*H14 -> 72
A15: 10 | B15: 白色臭干子 | D15: 斤 | E15: 15 | F15: =H15/0.85 -> 8 | G15: =H15/F15 -> 0.85 | H15: 6.8 | I15: =E15*H15 -> 102
A16: 11 | B16: 板豆腐6斤/板 | D16: 斤 | E16: 2 | F16: =H16/0.85 -> 4.1176471 | G16: =H16/F16 -> 0.85 | H16: 3.5 | I16: =E16*H16 -> 7
A17: 12 | B17: 【鲜】净三黄鸡 | D17: 斤 | E17: 8 | F17: =H17/0.85 -> 17.411765 | G17: =H17/F17 -> 0.85 | H17: 14.8 | I17: =E17*H17 -> 118.4
A18: 13 | B18: 【鲜】精品五花 | D18: 斤 | E18: 16 | F18: =H18/0.85 -> 22.941176 | G18: =H18/F18 -> 0.85 | H18: 19.5 | I18: =E18*H18 -> 312
A19: 14 | B19: 【鲜】五花肉沫 | D19: 斤 | E19: 6 | F19: =H19/0.85 -> 16.235294 | G19: =H19/F19 -> 0.85 | H19: 13.8 | I19: =E19*H19 -> 82.8
A20: 15 | B20: 【鲜】猪瘦肉丝 | D20: 斤 | E20: 5 | F20: =H20/0.85 -> 23.529412 | G20: =H20/F20 -> 0.85 | H20: 20 | I20: =E20*H20 -> 100
A21: 16 | B21: 【鲜】净大鲫鱼 | C21: 4两 | D21: 斤 | E21: 8 | F21: =H21/0.85 -> 19.764706 | G21: =H21/F21 -> 0.85 | H21: 16.8 | I21: =E21*H21 -> 134.4
A22: 17 | B22: 安琪酵母 | C22: 500g*20袋/件 | D22: 袋 | E22: 3 | F22: =H22/0.85 -> 29.411765 | G22: =H22/F22 -> 0.85 | H22: 25 | I22: =E22*H22 -> 75
A23: 18 | B23: 白芝麻/38斤 | C23: 散称 | D23: 斤 | E23: 2 | F23: =H23/0.85 -> 17.647059 | G23: =H23/F23 -> 0.85 | H23: 15 | I23: =E23*H23 -> 30
A24: 19 | B24: 清水笋丝 | C24: 2.5kg*6包/件 | D24: 包 | E24: 5 | F24: =H24/0.85 -> 16.235294 | G24: =H24/F24 -> 0.85 | H24: 13.8 | I24: =E24*H24 -> 69
A25: 20 | B25: 永超榨菜 | C25: 8斤 | D25: 件 | E25: 2 | F25: =H25/0.85 -> 64.705882 | G25: =H25/F25 -> 0.85 | H25: 55 | I25: =E25*H25 -> 110
A26: 21 | B26: 光明健能酸奶180g | C26: 180g | D26: 杯 | E26: 58 | F26: =H26/0.85 -> 4.1176471 | G26: =H26/F26 -> 0.85 | H26: 3.5 | I26: =E26*H26 -> 203
A27: 22 | B27: 卤牛骨头 | D27: 斤 | E27: 6 | F27: =H27/0.85 -> 51.764706 | G27: =H27/F27 -> 0.85 | H27: 44 | I27: =E27*H27 -> 264
A28: 23
A29: 24
A30: 25
A31: 26
A32: 27
A33: 28
A34: 供货合计: | B34: =SUM(I6:I33) -> 1929.7
A35: 金额大写： | B35: =B34 -> 1929.7
A36: 制表人 ：樊君丽 收货人： 送货人：

Sheet 22
A1: 武汉康恩农贸发展有限公司送货单
A3: 收货单位： | B3: 汉南数智化检测分公司
A4: 配送日期： | B4: 45344
A5: 序号 | B5: 名称 | C5: 规格 | D5: 单位 | E5: 数量 | F5: 超市价格 | G5: 折扣率 | H5: 折后价 | I5: 折后金额 | J5: 备注
A6: 1 | B6: （新鲜）河粉 | D6: 斤 | E6: 5 | F6: =H6/0.85 -> 3.5294118 | G6: =H6/F6 -> 0.85 | H6: 3 | I6: =E6*H6 -> 15
A7: 2 | B7: 饺子皮 | D7: 斤 | E7: 6 | F7: =H7/0.85 -> 4.1176471 | G7: =H7/F7 -> 0.85 | H7: 3.5 | I7: =E7*H7 -> 21
A8: 3 | B8: 热干面（熟） | D8: 斤 | E8: 5 | F8: =H8/0.85 -> 4.1176471 | G8: =H8/F8 -> 0.85 | H8: 3.5 | I8: =E8*H8 -> 17.5
A9: 4 | B9: 大葱 | D9: 斤 | E9: 3 | F9: =H9/0.85 -> 5.8823529 | G9: =H9/F9 -> 0.85 | H9: 5 | I9: =E9*H9 -> 15
A10: 5 | B10: 白萝卜 | D10: 斤 | E10: 11 | F10: =H10/0.85 -> 2.3529412 | G10: =H10/F10 -> 0.85 | H10: 2 | I10: =E10*H10 -> 22
A11: 6 | B11: 红椒 | D11: 斤 | E11: 2 | F11: =H11/0.85 -> 8.8235294 | G11: =H11/F11 -> 0.85 | H11: 7.5 | I11: =E11*H11 -> 15
A12: 7 | B12: 甜玉米棒 | D12: 个 | E12: 16 | F12: =H12/0.85 -> 5.2941176 | G12: =H12/F12 -> 0.85 | H12: 4.5 | I12: =E12*H12 -> 72
A13: 8 | B13: 平包菜 | D13: 斤 | E13: 12 | F13: =H13/0.85 -> 2.3529412 | G13: =H13/F13 -> 0.85 | H13: 2 | I13: =E13*H13 -> 24
A14: 9 | B14: 板豆腐6斤/板 | D14: 斤 | E14: 13 | F14: =H14/0.85 -> 4.1176471 | G14: =H14/F14 -> 0.85 | H14: 3.5 | I14: =E14*H14 -> 45.5
A15: 10 | B15: 牛脊骨 | D15: 斤 | E15: 8 | F15: =H15/0.85 -> 25.882353 | G15: =H15/F15 -> 0.85 | H15: 22 | I15: =E15*H15 -> 176
A16: 11 | B16: 【鲜】五花肉沫 | D16: 斤 | E16: 12 | F16: =H16/0.85 -> 16.235294 | G16: =H16/F16 -> 0.85 | H16: 13.8 | I16: =E16*H16 -> 165.6
A17: 12 | B17: 【鲜】猪通排骨 | D17: 斤 | E17: 8 | F17: =H17/0.85 -> 32.941176 | G17: =H17/F17 -> 0.85 | H17: 28 | I17: =E17*H17 -> 224
A18: 13 | B18: 大桥鸡精900g | C18: 900g*10袋/件 | D18: 件 | E18: 1 | F18: =H18/0.85 -> 411.76471 | G18: =H18/F18 -> 0.85 | H18: 350 | I18: =E18*H18 -> 350
A19: 14 | B19: 鑫海贸紫菜50g | C19: 50g*48包 | D19: 包 | E19: 10 | F19: =H19/0.85 -> 8 | G19: =H19/F19 -> 0.85 | H19: 6.8 | I19: =E19*H19 -> 68
A20: 15 | B20: 云鹤精制碘盐 | C20: 500g*50袋/件 | D20: 袋 | E20: 20 | F20: =H20/0.85 -> 2.3529412 | G20: =H20/F20 -> 0.85 | H20: 2 | I20: =E20*H20 -> 40
A21: 16 | B21: 光明新鲜牧场鲜奶 | C21: 200ml | D21: 杯 | E21: 40 | F21: =H21/0.85 -> 3.7647059 | G21: =H21/F21 -> 0.85 | H21: 3.2 | I21: =E21*H21 -> 128
A22: 17 | B22: 卤香干 | D22: 斤 | E22: 7 | F22: =H22/0.85 -> 11.529412 | G22: =H22/F22 -> 0.85 | H22: 9.8 | I22: =E22*H22 -> 68.6
A23: 18 | B23: 【鲜】基围虾 | D23: 斤 | E23: 7.3 | F23: =H23/0.85 -> 44.705882 | G23: =H23/F23 -> 0.85 | H23: 38 | I23: =E23*H23 -> 277.4
A24: 20
A25: 21
A26: 22
A27: 23
A28: 24
A29: 25
A30: 26
A31: 27
A32: 28
A33: 供货合计: | B33: =SUM(I6:I32) -> 1744.6
A34: 金额大写： | B34: =B33 -> 1744.6
A35: 制表人 ：樊君丽 收货人： 送货人：

Sheet 23
A1: 武汉康恩农贸发展有限公司送货单
A3: 收货单位： | B3: 汉南数智化检测分公司
A4: 配送日期： | B4: 45345
A5: 序号 | B5: 名称 | C5: 规格 | D5: 单位 | E5: 数量 | F5: 超市价格 | G5: 折扣率 | H5: 折后价 | I5: 折后金额 | J5: 备注
A6: 1 | B6: 馄饨皮 | D6: 斤 | E6: 2 | F6: =H6/0.85 -> 4.1176471 | G6: =H6/F6 -> 0.85 | H6: 3.5 | I6: =E6*H6 -> 7
A7: 2 | B7: 热干面（熟） | D7: 斤 | E7: 5 | F7: =H7/0.85 -> 4.1176471 | G7: =H7/F7 -> 0.85 | H7: 3.5 | I7: =E7*H7 -> 17.5
A8: 3 | B8: 小葱 | D8: 斤 | E8: 2 | F8: =H8/0.85 -> 8 | G8: =H8/F8 -> 0.85 | H8: 6.8 | I8: =E8*H8 -> 13.6
A9: 4 | B9: 新鲜甜青豆米 | D9: 斤 | E9: 8 | F9: =H9/0.85 -> 32.941176 | G9: =H9/F9 -> 0.85 | H9: 28 | I9: =E9*H9 -> 224
A10: 5 | B10: 新鲜玉米粒 | D10: 斤 | E10: 5 | F10: =H10/0.85 -> 9.4117647 | G10: =H10/F10 -> 0.85 | H10: 8 | I10: =E10*H10 -> 40
A11: 6 | B11: 胡萝卜 | D11: 斤 | E11: 3 | F11: =H11/0.85 -> 2.9411765 | G11: =H11/F11 -> 0.85 | H11: 2.5 | I11: =E11*H11 -> 7.5
A12: 7 | B12: 铁棍山药 | D12: 斤 | E12: 2 | F12: =H12/0.85 -> 10.352941 | G12: =H12/F12 -> 0.85 | H12: 8.8 | I12: =E12*H12 -> 17.6
A13: 8 | B13: 西红柿 | D13: 斤 | E13: 10 | F13: =H13/0.85 -> 5.6470588 | G13: =H13/F13 -> 0.85 | H13: 4.8 | I13: =E13*H13 -> 48
A14: 9 | B14: 平菇 | D14: 斤 | E14: 3 | F14: =H14/0.85 -> 11.529412 | G14: =H14/F14 -> 0.85 | H14: 9.8 | I14: =E14*H14 -> 29.4
A15: 10 | B15: 白菜苔 | D15: 斤 | E15: 11 | F15: =H15/0.85 -> 4.4705882 | G15: =H15/F15 -> 0.85 | H15: 3.8 | I15: =E15*H15 -> 41.8
A16: 11 | B16: 板豆腐6斤/板 | D16: 斤 | E16: 5 | F16: =H16/0.85 -> 4.1176471 | G16: =H16/F16 -> 0.85 | H16: 3.5 | I16: =E16*H16 -> 17.5
A17: 12 | B17: 【鲜】五花肉沫 | D17: 斤 | E17: 8 | F17: =H17/0.85 -> 16.235294 | G17: =H17/F17 -> 0.85 | H17: 13.8 | I17: =E17*H17 -> 110.4
... A19: 14 | B19: 【鲜】净胖头鱼头 | D19: 斤 | E19: 12 | F19: =H19/0.85 -> 23.529412 | G19: =H19/F19 -> 0.85 | H19: 20 | I19: =E19*H19 -> 240
A20: 15 | B20: 思念黑芝麻汤圆 | C20: 500g*20袋 | D20: 袋 | E20: 14 | F20: =H20/0.85 -> 11.529412 | G20: =H20/F20 -> 0.85 | H20: 9.8 | I20: =E20*H20 -> 137.2
A21: 16 | B21: 光明健能酸奶180g | C21: 180g | D21: 杯 | E21: 50 | F21: =H21/0.85 -> 4.1176471 | G21: =H21/F21 -> 0.85 | H21: 3.5 | I21: =E21*H21 -> 175
A22: 17 | B22: 卤牛肚 | D22: 斤 | E22: 8 | F22: =H22/0.85 -> 103.52941 | G22: =H22/F22 -> 0.85 | H22: 88 | I22: =E22*H22 -> 704
A23: 18 | B23: 爆浆糍粑 | C23: 300g*20袋/件 | D23: 件 | E23: 1 | F23: =H23/0.85 -> 176.47059 | G23: =H23/F23 -> 0.85 | H23: 150 | I23: =E23*H23 -> 150
A24: 19 | B24: 【鲜】净大草鱼 | D24: 斤 | E24: 16.5 | F24: =H24/0.85 -> 16.235294 | G24: =H24/F24 -> 0.85 | H24: 13.8 | I24: =E24*H24 -> 227.7
A25: 20 | B25: 合鑫泰东北珍珠香米 | C25: 25kg/包 | D25: 袋 | E25: 2 | F25: =H25/0.85 -> 205.88235 | G25: =H25/F25 -> 0.85 | H25: 175 | I25: =E25*H25 -> 350
A26: 21
A27: 22
A28: 23
A29: 24
A30: 25
A31: 26
A32: 27
A33: 28
A34: 供货合计: | B34: =SUM(I6:I33) -> 2680.7
A35: 金额大写： | B35: =B34 -> 2680.7
A36: 制表人 ：樊君丽 收货人： 送货人：

Sheet 26
A1: 武汉康恩农贸发展有限公司送货单
A3: 收货单位： | B3: 汉南数智化检测分公司
A4: 配送日期： | B4: 45348
A5: 序号 | B5: 名称 | C5: 规格 | D5: 单位 | E5: 数量 | F5: 超市价格 | G5: 折扣率 | H5: 折后价 | I5: 折后金额 | J5: 备注
A6: 1 | B6: （新鲜）河粉 | D6: 斤 | E6: 4 | F6: =H6/0.85 -> 3.5294118 | G6: =H6/F6 -> 0.85 | H6: 3 | I6: =E6*H6 -> 12
A7: 2 | B7: 馄饨皮 | D7: 斤 | E7: 2 | F7: =H7/0.85 -> 4.1176471 | G7: =H7/F7 -> 0.85 | H7: 3.5 | I7: =E7*H7 -> 7
A8: 3 | B8: 热干面（熟） | D8: 斤 | E8: 7 | F8: =H8/0.85 -> 4.1176471 | G8: =H8/F8 -> 0.85 | H8: 3.5 | I8: =E8*H8 -> 24.5
A9: 4 | B9: 胡萝卜 | D9: 斤 | E9: 8 | F9: =H9/0.85 -> 2.9411765 | G9: =H9/F9 -> 0.85 | H9: 2.5 | I9: =E9*H9 -> 20
A10: 5 | B10: 甜玉米棒 | D10: 个 | E10: 8 | F10: =H10/0.85 -> 5.2941176 | G10: =H10/F10 -> 0.85 | H10: 4.5 | I10: =E10*H10 -> 36
A11: 6 | B11: 铁棍山药 | D11: 斤 | E11: 8 | F11: =H11/0.85 -> 10.352941 | G11: =H11/F11 -> 0.85 | H11: 8.8 | I11: =E11*H11 -> 70.4
A12: 7 | B12: 平菇 | D12: 斤 | E12: 4 | F12: =H12/0.85 -> 11.529412 | G12: =H12/F12 -> 0.85 | H12: 9.8 | I12: =E12*H12 -> 39.2
A13: 8 | B13: 平包菜 | D13: 斤 | E13: 12 | F13: =H13/0.85 -> 2.3529412 | G13: =H13/F13 -> 0.85 | H13: 2 | I13: =E13*H13 -> 24
A14: 9 | B14: 细土芹 | D14: 斤 | E14: 5.4 | F14: =H14/0.85 -> 5.6470588 | G14: =H14/F14 -> 0.85 | H14: 4.8 | I14: =E14*H14 -> 25.92
A15: 10 | B15: 香蕉 | D15: 斤 | E15: 7.7 | F15: =H15/0.85 -> 5.2941176 | G15: =H15/F15 -> 0.85 | H15: 4.5 | I15: =E15*H15 -> 34.65
A16: 11 | B16: 薄干子 | D16: 斤 | E16: 7 | F16: =H16/0.85 -> 8 | G16: =H16/F16 -> 0.85 | H16: 6.8 | I16: =E16*H16 -> 47.6
A17: 12 | B17: 红壳鸡蛋 | C17: 12板/件 | D17: 件 | E17: 2 | F17: =H17/0.85 -> 352.94118 | G17: =H17/F17 -> 0.85 | H17: 300 | I17: =E17*H17 -> 600
B18: 鲜羊肉（纯肉去骨） | D18: 斤 | E18: 5 | F18: =H18/0.85 -> 56.470588 | G18: =H18/F18 -> 0.85 | H18: 48 | I18: =E18*H18 -> 240
A19: 13 | B19: 鲜羊肉（纯肉去骨） | D19: 斤 | E19: 7 | F19: =H19/0.85 -> 56.470588 | G19: =H19/F19 -> 0.85 | H19: 48 | I19: =E19*H19 -> 336
A20: 14 | B20: 【鲜】五花肉沫 | D20: 斤 | E20: 3 | F20: =H20/0.85 -> 16.235294 | G20: =H20/F20 -> 0.85 | H20: 13.8 | I20: =E20*H20 -> 41.4
A21: 15 | B21: 虾皮 | C21: 散称 | D21: 斤 | E21: 1 | F21: =H21/0.85 -> 29.411765 | G21: =H21/F21 -> 0.85 | H21: 25 | I21: =E21*H21 -> 25
A22: 16 | B22: 光明新鲜牧场鲜奶 | C22: 200ml | D22: 杯 | E22: 56 | F22: =H22/0.85 -> 3.7647059 | G22: =H22/F22 -> 0.85 | H22: 3.2 | I22: =E22*H22 -> 179.2
A23: 17 | B23: 【鲜】净胖头鱼头 | D23: 斤 | E23: 6 | F23: =H23/0.85 -> 23.529412 | G23: =H23/F23 -> 0.85 | H23: 20 | I23: =E23*H23 -> 120
A24: 18 | B24: 卤牛肉 | D24: 斤 | E24: 5 | F24: =H24/0.85 -> 103.52941 | G24: =H24/F24 -> 0.85 | H24: 88 | I24: =E24*H24 -> 440
A25: 19 | B25: 【鲜】基围虾 | D25: 斤 | E25: 7.4 | F25: =H25/0.85 -> 44.705882 | G25: =H25/F25 -> 0.85 | H25: 38 | I25: =E25*H25 -> 281.2
A26: 20 | B26: 金龙鱼玉米油 | C26: 5L*4壶/件 | D26: 件 | E26: 2 | F26: =H26/0.85 -> 411.76471 | G26: =H26/F26 -> 0.85 | H26: 350 | I26: =E26*H26 -> 700
A27: 21 | B27: 鲁至尊面粉 | C27: 25kg | D27: 袋 | E27: 1 | F27: =H27/0.85 -> 174.11765 | G27: =H27/F27 -> 0.85 | H27: 148 | I27: =E27*H27 -> 148
A28: 22
A29: 23
A30: 24
A31: 25
A32: 26
A33: 27
A34: 28
A35: 供货合计: | B35: =SUM(I6:I34) -> 3452.07
A36: 金额大写： | B36: =B35 -> 3452.07
A37: 制表人 ：樊君丽 收货人： 送货人：

Sheet 27
A1: 武汉康恩农贸发展有限公司送货单
A3: 收货单位： | B3: 汉南数智化检测分公司
A4: 配送日期： | B4: 45349
A5: 序号 | B5: 名称 | C5: 规格 | D5: 单位 | E5: 数量 | F5: 超市价格 | G5: 折扣率 | H5: 折后价 | I5: 折后金额 | J5: 备注
A6: 1 | B6: （新鲜）河粉 | D6: 斤 | E6: 5 | F6: =H6/0.85 -> 3.5294118 | G6: =H6/F6 -> 0.85 | H6: 3 | I6: =E6*H6 -> 15
A7: 2 | B7: 干细粉 | C7: 散称 | D7: 斤 | E7: 10 | F7: =H7/0.85 -> 4.1176471 | G7: =H7/F7 -> 0.85 | H7: 3.5 | I7: =E7*H7 -> 35
A8: 3 | B8: 热干面（熟） | D8: 斤 | E8: 6 | F8: =H8/0.85 -> 4.1176471 | G8: =H8/F8 -> 0.85 | H8: 3.5 | I8: =E8*H8 -> 21
A9: 4 | B9: 青杭椒 | D9: 斤 | E9: 8 | F9: =H9/0.85 -> 6.8235294 | G9: =H9/F9 -> 0.85 | H9: 5.8 | I9: =E9*H9 -> 46.4
A10: 5 | B10: 生姜 | D10: 斤 | E10: 5 | F10: =H10/0.85 -> 15.058824 | G10: =H10/F10 -> 0.85 | H10: 12.8 | I10: =E10*H10 -> 64
A11: 6 | B11: 小葱 | D11: 斤 | E11: 2 | F11: =H11/0.85 -> 8 | G11: =H11/F11 -> 0.85 | H11: 6.8 | I11: =E11*H11 -> 13.6
A12: 7 | B12: 刀豆 | D12: 斤 | E12: 12 | F12: =H12/0.85 -> 10.588235 | G12: =H12/F12 -> 0.85 | H12: 9 | I12: =E12*H12 -> 108
A13: 8 | B13: 白萝卜 | D13: 斤 | E13: 6 | F13: =H13/0.85 -> 2.3529412 | G13: =H13/F13 -> 0.85 | H13: 2 | I13: =E13*H13 -> 12
A14: 9 | B14: 大藕 | D14: 斤 | E14: 15 | F14: =H14/0.85 -> 6.8235294 | G14: =H14/F14 -> 0.85 | H14: 5.8 | I14: =E14*H14 -> 87
A15: 10 | B15: 红椒 | D15: 斤 | E15: 2 | F15: =H15/0.85 -> 8.8235294 | G15: =H15/F15 -> 0.85 | H15: 7.5 | I15: =E15*H15 -> 15
A16: 11 | B16: 小白菜 | D16: 斤 | E16: 1 | F16: =H16/0.85 -> 7.0588235 | G16: =H16/F16 -> 0.85 | H16: 6 | I16: =E16*H16 -> 6
A17: 12 | B17: 油麦菜 | D17: 斤 | E17: 12 | F17: =H17/0.85 -> 5.2941176 | G17: =H17/F17 -> 0.85 | H17: 4.5 | I17: =E17*H17 -> 54
A18: 13 | B18: 【鲜】猪脊骨 | D18: 斤 | E18: 6 | F18: =H18/0.85 -> 16.235294 | G18: =H18/F18 -> 0.85 | H18: 13.8 | I18: =E18*H18 -> 82.8
A19: 14 | B19: 【鲜】猪瘦肉丝 | D19: 斤 | E19: 5 | F19: =H19/0.85 -> 23.529412 | G19: =H19/F19 -> 0.85 | H19: 20 | I19: =E19*H19 -> 100
... A22: 17 | B22: 干豆丝 | D22: 斤 | E22: 3 | F22: =H22/0.85 -> 8 | G22: =H22/F22 -> 0.85 | H22: 6.8 | I22: =E22*H22 -> 20.4
A23: 18 | B23: 鑫石羊郫县豆瓣酱4KG | C23: 4KG/桶*4桶/件 | D23: 桶 | E23: 1 | F23: =H23/0.85 -> 47.058824 | G23: =H23/F23 -> 0.85 | H23: 40 | I23: =E23*H23 -> 40
A24: 19 | B24: 合鑫泰东北珍珠香米 | C24: 25kg/包 | D24: 袋 | E24: 2 | F24: =H24/0.85 -> 205.88235 | G24: =H24/F24 -> 0.85 | H24: 175 | I24: =E24*H24 -> 350
A25: 20 | B25: 光明健能酸奶180g | C25: 180g | D25: 杯 | E25: 50 | F25: =H25/0.85 -> 4.1176471 | G25: =H25/F25 -> 0.85 | H25: 3.5 | I25: =E25*H25 -> 175
A26: 21 | B26: 木鱼公社桂花糕 | C26: 350g*12包/件 | D26: 件 | E26: 2 | F26: =H26/0.85 -> 98.823529 | G26: =H26/F26 -> 0.85 | H26: 84 | I26: =E26*H26 -> 168
A27: 22
A28: 23
A29: 24
A30: 25
A31: 26
A32: 27
A33: 28
A34: 供货合计: | B34: =SUM(I6:I33) -> 1703.7
A35: 金额大写： | B35: =B34 -> 1703.7
A36: 制表人 ：樊君丽 收货人： 送货人：

Sheet 28
A1: 武汉康恩农贸发展有限公司送货单
A3: 收货单位： | B3: 汉南数智化检测分公司
A4: 配送日期： | B4: 45350
A5: 序号 | B5: 名称 | C5: 规格 | D5: 单位 | E5: 数量 | F5: 超市价格 | G5: 折扣率 | H5: 折后价 | I5: 折后金额 | J5: 备注
A6: 1 | B6: （新鲜）河粉 | D6: 斤 | E6: 7 | F6: =H6/0.85 -> 3.5294118 | G6: =H6/F6 -> 0.85 | H6: 3 | I6: =E6*H6 -> 21
A7: 2 | B7: 热干面（熟） | D7: 斤 | E7: 4 | F7: =H7/0.85 -> 4.1176471 | G7: =H7/F7 -> 0.85 | H7: 3.5 | I7: =E7*H7 -> 14
A8: 3 | B8: 生面窝浆 | D8: 斤 | E8: 5 | F8: =H8/0.85 -> 7.0588235 | G8: =H8/F8 -> 0.85 | H8: 6 | I8: =E8*H8 -> 30
A9: 4 | B9: 大土豆 | D9: 斤 | E9: 10 | F9: =H9/0.85 -> 4.1176471 | G9: =H9/F9 -> 0.85 | H9: 3.5 | I9: =E9*H9 -> 35
A10: 5 | B10: 铁棍山药 | D10: 斤 | E10: 2 | F10: =H10/0.85 -> 10.352941 | G10: =H10/F10 -> 0.85 | H10: 8.8 | I10: =E10*H10 -> 17.6
A11: 6 | B11: 净莴苣 | D11: 斤 | E11: 12 | F11: =H11/0.85 -> 8 | G11: =H11/F11 -> 0.85 | H11: 6.8 | I11: =E11*H11 -> 81.6
A12: 7 | B12: 金针菇 | D12: 斤 | E12: 5 | F12: =H12/0.85 -> 6.8235294 | G12: =H12/F12 -> 0.85 | H12: 5.8 | I12: =E12*H12 -> 29
A13: 8 | B13: 大白菜 | D13: 斤 | E13: 12 | F13: =H13/0.85 -> 2.1176471 | G13: =H13/F13 -> 0.85 | H13: 1.8 | I13: =E13*H13 -> 21.6
A14: 9 | B14: 小白菜 | D14: 斤 | E14: 2 | F14: =H14/0.85 -> 7.0588235 | G14: =H14/F14 -> 0.85 | H14: 6 | I14: =E14*H14 -> 12
A15: 10 | B15: 80苹果 | D15: 斤 | E15: 20 | F15: =H15/0.85 -> 10 | G15: =H15/F15 -> 0.85 | H15: 8.5 | I15: =E15*H15 -> 170
A16: 11 | B16: 薄千张 | D16: 斤 | E16: 8 | F16: =H16/0.85 -> 8 | G16: =H16/F16 -> 0.85 | H16: 6.8 | I16: =E16*H16 -> 54.4
A17: 12 | B17: 【鲜】净三黄鸡 | D17: 斤 | E17: 8 | F17: =H17/0.85 -> 17.411765 | G17: =H17/F17 -> 0.85 | H17: 14.8 | I17: =E17*H17 -> 118.4
... A19: 14 | B19: 安卓中号蛋挞皮 20g*60个*5袋/件 | D19: 件 | E19: 1 | F19: =H19/0.85 -> 211.76471 | G19: =H19/F19 -> 0.85 | H19: 180 | I19: =E19*H19 -> 180
A20: 15 | B20: 坛坛乡剁椒1.15kg | C20: 1.15kg*6瓶/件 | D20: 瓶 | E20: 4 | F20: =H20/0.85 -> 19.411765 | G20: =H20/F20 -> 0.85 | H20: 16.5 | I20: =E20*H20 -> 66
A21: 16 | B21: 小米 | C21: 散称 | D21: 斤 | E21: 2 | F21: =H21/0.85 -> 8 | G21: =H21/F21 -> 0.85 | H21: 6.8 | I21: =E21*H21 -> 13.6
A22: 17 | B22: 正和珍珠糯米 | C22: 50斤/袋 | D22: 斤 | E22: 4 | F22: =H22/0.85 -> 5.7647059 | G22: =H22/F22 -> 0.85 | H22: 4.9 | I22: =E22*H22 -> 19.6
A23: 18 | B23: 光明新鲜牧场鲜奶 | C23: 200ml | D23: 杯 | E23: 40 | F23: =H23/0.85 -> 3.7647059 | G23: =H23/F23 -> 0.85 | H23: 3.2 | I23: =E23*H23 -> 128
A24: 19 | B24: 卤牛肚 | D24: 斤 | E24: 8 | F24: =H24/0.85 -> 103.52941 | G24: =H24/F24 -> 0.85 | H24: 88 | I24: =E24*H24 -> 704
A25: 20 | B25: 爆浆糍粑 | C25: 300g*20袋/件 | D25: 件 | E25: 1 | F25: =H25/0.85 -> 176.47059 | G25: =H25/F25 -> 0.85 | H25: 150 | I25: =E25*H25 -> 150
A26: 21
A27: 22
A28: 23
A29: 24
A30: 25
A31: 26
A32: 27
A33: 供货合计: | B33: =SUM(I6:I32) -> 2046.58
A34: 金额大写： | B34: =B33 -> 2046.58
A35: 制表人 ：樊君丽 收货人： 送货人：

Sheet 29
A1: 武汉康恩农贸发展有限公司送货单
A3: 收货单位： | B3: 汉南数智化检测分公司
A4: 配送日期： | B4: 45351
A5: 序号 | B5: 名称 | C5: 规格 | D5: 单位 | E5: 数量 | F5: 超市价格 | G5: 折扣率 | H5: 折后价 | I5: 折后金额 | J5: 备注
A6: 1 | B6: （新鲜）河粉 | D6: 斤 | E6: 5 | F6: =H6/0.85 -> 3.5294118 | G6: =H6/F6 -> 0.85 | H6: 3 | I6: =E6*H6 -> 15
A7: 2 | B7: 热干面（熟） | D7: 斤 | E7: 11 | F7: =H7/0.85 -> 4.1176471 | G7: =H7/F7 -> 0.85 | H7: 3.5 | I7: =E7*H7 -> 38.5
A8: 3 | B8: 大土豆 | D8: 斤 | E8: 10 | F8: =H8/0.85 -> 4.1176471 | G8: =H8/F8 -> 0.85 | H8: 3.5 | I8: =E8*H8 -> 35
A9: 4 | B9: 胡萝卜 | D9: 斤 | E9: 8 | F9: =H9/0.85 -> 2.9411765 | G9: =H9/F9 -> 0.85 | H9: 2.5 | I9: =E9*H9 -> 20
A10: 5 | B10: 生菜 | D10: 斤 | E10: 12 | F10: =H10/0.85 -> 5.6470588 | G10: =H10/F10 -> 0.85 | H10: 4.8 | I10: =E10*H10 -> 57.6
A11: 6 | B11: 小白菜 | D11: 斤 | E11: 1 | F11: =H11/0.85 -> 7.0588235 | G11: =H11/F11 -> 0.85 | H11: 6 | I11: =E11*H11 -> 6
A12: 7 | B12: 【鲜】净麻鸭 | D12: 斤 | E12: 15 | F12: =H12/0.85 -> 25.882353 | G12: =H12/F12 -> 0.85 | H12: 22 | I12: =E12*H12 -> 330
A13: 8 | B13: 【鲜】五花肉沫 | D13: 斤 | E13: 1.5 | F13: =H13/0.85 -> 16.235294 | G13: =H13/F13 -> 0.85 | H13: 13.8 | I13: =E13*H13 -> 20.7
A14: 9 | B14: 三象水磨糯米粉 | C14: 500g | D14: 袋 | E14: 5 | F14: =H14/0.85 -> 11.529412 | G14: =H14/F14 -> 0.85 | H14: 9.8 | I14: =E14*H14 -> 49
A15: 10 | B15: 光明健能酸奶180g | C15: 180g | D15: 杯 | E15: 40 | F15: =H15/0.85 -> 4.1176471 | G15: =H15/F15 -> 0.85 | H15: 3.5 | I15: =E15*H15 -> 140
A16: 11 | B16: 卤牛骨头 | D16: 斤 | E16: 8 | F16: =H16/0.85 -> 51.764706 | G16: =H16/F16 -> 0.85 | H16: 44 | I16: =E16*H16 -> 352
A17: 12 | B17: 【鲜】基围虾 | D17: 斤 | E17: 8 | F17: =H17/0.85 -> 44.705882 | G17: =H17/F17 -> 0.85 | H17: 38 | I17: =E17*H17 -> 304
A18: 13 | B18: 【鲜】精品五花 | D18: 斤 | E18: 16 | F18: =H18/0.85 -> 22.941176 | G18: =H18/F18 -> 0.85 | H18: 19.5 | I18: =E18*H18 -> 312
A19: 15
A20: 16
A21: 17
A22: 18
A23: 19
A24: 20
A25: 21
A26: 22
A27: 23
A28: 24
A29: 25
A30: 26
... A32: 28
A33: 供货合计: | B33: =SUM(I6:I32) -> 1679.8
A34: 金额大写： | B34: =B33 -> 1679.8
A35: 制表人 ：樊君丽 收货人： 送货人：

Sheet 2月合计
A1: 39号食堂
A2: 日期 | B2: 单1
A3: 45323 | B3: ='1'!B32 -> 3633.6
A4: 45324 | B4: ='2'!B34 -> 2934.74
A5: 45325 | B5: 0
A6: 45326 | B6: ='4'!B34 -> 2299.56
A7: 45327 | B7: ='5'!B34 -> 1509.76
A8: 45328 | B8: ='6'!B33 -> 3365.9
A9: 45329 | B9: 0
A10: 45330 | B10: 0
A11: 45331 | B11: 0
A12: 45332 | B12: 0
A13: 45333 | B13: 0
A14: 45334 | B14: 0
A15: 45335 | B15: 0
A16: 45336 | B16: 0
A17: 45337 | B17: 0
A18: 45338 | B18: 0
A19: 45339 | B19: 0
A20: 45340 | B20: ='18'!B40 -> 4585.55
A21: 45341 | B21: ='19'!B33 -> 2170
A22: 45342 | B22: ='20'!B34 -> 2226.6
A23: 45343 | B23: ='21'!B34 -> 1929.7
A24: 45344 | B24: ='22'!B33 -> 1744.6
A25: 45345 | B25: ='23'!B34 -> 2680.7
A26: 45346 | B26: 0
A27: 45347 | B27: 0
A28: 45348 | B28: ='26'!B35 -> 3452.07
A29: 45349 | B29: ='27'!B34 -> 1703.7
A30: 45350 | B30: ='28'!B33 -> 2046.58
A31: 45351 | B31: ='29'!B33 -> 1679.8
A32: 合计 | B32: =SUM(B3:B31) -> 37962.86
