Workbook

Sheet 1
A1: 武汉康恩农贸发展有限公司送货单
A3: 收货单位： | B3: 汉南数智化检测分公司
A4: 配送日期： | B4: 45352
A5: 序号 | B5: 名称 | C5: 规格 | D5: 单位 | E5: 数量 | F5: 超市价格 | G5: 折扣率 | H5: 折后价 | I5: 折后金额 | J5: 备注
A6: 1 | B6: （新鲜）河粉 | D6: 斤 | E6: 4 | F6: =H6/0.85 -> 3.5294118 | G6: =H6/F6 -> 0.85 | H6: 3 | I6: =E6*H6 -> 12
A7: 2 | B7: 饺子皮 | D7: 斤 | E7: 6 | F7: =H7/0.85 -> 4.1176471 | G7: =H7/F7 -> 0.85 | H7: 3.5 | I7: =E7*H7 -> 21
A8: 3 | B8: 热干面（熟） | D8: 斤 | E8: 5 | F8: =H8/0.85 -> 4.1176471 | G8: =H8/F8 -> 0.85 | H8: 3.5 | I8: =E8*H8 -> 17.5
A9: 4 | B9: 大葱 | D9: 斤 | E9: 3 | F9: =H9/0.85 -> 5.8823529 | G9: =H9/F9 -> 0.85 | H9: 5 | I9: =E9*H9 -> 15
A10: 5 | B10: 白萝卜 | D10: 斤 | E10: 5 | F10: =H10/0.85 -> 2.3529412 | G10: =H10/F10 -> 0.85 | H10: 2 | I10: =E10*H10 -> 10
A11: 6 | B11: 红椒 | D11: 斤 | E11: 2 | F11: =H11/0.85 -> 8.8235294 | G11: =H11/F11 -> 0.85 | H11: 7.5 | I11: =E11*H11 -> 15
A12: 7 | B12: 甜玉米棒 | D12: 个 | E12: 8 | F12: =H12/0.85 -> 5.2941176 | G12: =H12/F12 -> 0.85 | H12: 4.5 | I12: =E12*H12 -> 36
A13: 8 | B13: 笋瓜 | D13: 斤 | E13: 12 | F13: =H13/0.85 -> 6.4705882 | G13: =H13/F13 -> 0.85 | H13: 5.5 | I13: =E13*H13 -> 66
A14: 9 | B14: 净泥蒿（去叶） | D14: 斤 | E14: 9 | F14: =H14/0.85 -> 24.705882 | G14: =H14/F14 -> 0.85 | H14: 21 | I14: =E14*H14 -> 189
A15: 10 | B15: 菠菜 | D15: 斤 | E15: 14 | F15: =H15/0.85 -> 5.6470588 | G15: =H15/F15 -> 0.85 | H15: 4.8 | I15: =E15*H15 -> 67.2
A16: 11 | B16: 橙子 | D16: 斤 | E16: 17.7 | F16: =H16/0.85 -> 8 | G16: =H16/F16 -> 0.85 | H16: 6.8 | I16: =E16*H16 -> 120.36
A17: 12 | B17: 【鲜】五花肉沫 | D17: 斤 | E17: 5 | F17: =H17/0.85 -> 16.235294 | G17: =H17/F17 -> 0.85 | H17: 13.8 | I17: =E17*H17 -> 69
... A20: 15 | B20: 后腿腊肉 | D20: 斤 | E20: 3 | F20: =H20/0.85 -> 32.941176 | G20: =H20/F20 -> 0.85 | H20: 28 | I20: =E20*H20 -> 84
A21: 16 | B21: 顺发鸡翅中 | C21: 1kg*10袋/件 | D21: 袋 | E21: 6 | F21: =H21/0.85 -> 64.705882 | G21: =H21/F21 -> 0.85 | H21: 55 | I21: =E21*H21 -> 330
A22: 17 | B22: 鑫怡久久海带头 | C22: 9KG/件 | D22: 斤 | E22: 5 | F22: =H22/0.85 -> 10 | G22: =H22/F22 -> 0.85 | H22: 8.5 | I22: =E22*H22 -> 42.5
A23: 18 | B23: 光明新鲜牧场鲜奶 | C23: 200ml | D23: 杯 | E23: 60 | F23: =H23/0.85 -> 3.7647059 | G23: =H23/F23 -> 0.85 | H23: 3.2 | I23: =E23*H23 -> 192
A24: 19 | B24: 统一可口可乐2L | C24: 2L*6瓶/箱 | D24: 瓶 | E24: 2 | F24: =H24/0.85 -> 10 | G24: =H24/F24 -> 0.85 | H24: 8.5 | I24: =E24*H24 -> 17
A25: 20
A26: 21
A27: 22
A28: 23
A29: 24
A30: 25
A31: 26
A32: 27
A33: 28
A34: 供货合计: | B34: =SUM(I6:I33) -> 1611.56
A35: 金额大写： | B35: =B34 -> 1611.56
A36: 制表人 ：樊君丽 收货人： 送货人：

Sheet 4
A1: 武汉康恩农贸发展有限公司送货单
A3: 收货单位： | B3: 汉南数智化检测分公司
A4: 配送日期： | B4: 45355
A5: 序号 | B5: 名称 | C5: 规格 | D5: 单位 | E5: 数量 | F5: 超市价格 | G5: 折扣率 | H5: 折后价 | I5: 折后金额 | J5: 备注
A6: 1 | B6: （新鲜）河粉 | D6: 斤 | E6: 5 | F6: =H6/0.85 -> 3.5294118 | G6: =H6/F6 -> 0.85 | H6: 3 | I6: =E6*H6 -> 15
A7: 2 | B7: 馄饨皮 | D7: 斤 | E7: 2 | F7: =H7/0.85 -> 4.1176471 | G7: =H7/F7 -> 0.85 | H7: 3.5 | I7: =E7*H7 -> 7
A8: 3 | B8: 热干面（熟） | D8: 斤 | E8: 7 | F8: =H8/0.85 -> 4.1176471 | G8: =H8/F8 -> 0.85 | H8: 3.5 | I8: =E8*H8 -> 24.5
A9: 4 | B9: 小葱 | D9: 斤 | E9: 2 | F9: =H9/0.85 -> 8 | G9: =H9/F9 -> 0.85 | H9: 6.8 | I9: =E9*H9 -> 13.6
A10: 5 | B10: 黄豆芽 | D10: 斤 | E10: 10 | F10: =H10/0.85 -> 2.9411765 | G10: =H10/F10 -> 0.85 | H10: 2.5 | I10: =E10*H10 -> 25
A11: 6 | B11: 大藕 | D11: 斤 | E11: 10 | F11: =H11/0.85 -> 6.8235294 | G11: =H11/F11 -> 0.85 | H11: 5.8 | I11: =E11*H11 -> 58
A12: 7 | B12: 红椒 | D12: 斤 | E12: 2 | F12: =H12/0.85 -> 8 | G12: =H12/F12 -> 0.85 | H12: 6.8 | I12: =E12*H12 -> 13.6
A13: 8 | B13: 蒜苗 | D13: 斤 | E13: 5 | F13: =H13/0.85 -> 11.529412 | G13: =H13/F13 -> 0.85 | H13: 9.8 | I13: =E13*H13 -> 49
A14: 9 | B14: 甜玉米棒 | D14: 个 | E14: 8 | F14: =H14/0.85 -> 5.2941176 | G14: =H14/F14 -> 0.85 | H14: 4.5 | I14: =E14*H14 -> 36
A15: 10 | B15: 芜湖青椒 | D15: 斤 | E15: 2 | F15: =H15/0.85 -> 5.6470588 | G15: =H15/F15 -> 0.85 | H15: 4.8 | I15: =E15*H15 -> 9.6
A16: 11 | B16: 海鲜菇 | D16: 斤 | E16: 4.4 | F16: =H16/0.85 -> 7.6470588 | G16: =H16/F16 -> 0.85 | H16: 6.5 | I16: =E16*H16 -> 28.6
A17: 12 | B17: 白菜苔 | D17: 斤 | E17: 12 | F17: =H17/0.85 -> 9.1764706 | G17: =H17/F17 -> 0.85 | H17: 7.8 | I17: =E17*H17 -> 93.6
... A19: 14 | B19: 【鲜】五花肉沫 | D19: 斤 | E19: 2 | F19: =H19/0.85 -> 16.235294 | G19: =H19/F19 -> 0.85 | H19: 13.8 | I19: =E19*H19 -> 27.6
A20: 15 | B20: 金龙鱼玉米油 | C20: 5L*4壶/件 | D20: 件 | E20: 2 | F20: =H20/0.85 -> 411.76471 | G20: =H20/F20 -> 0.85 | H20: 350 | I20: =E20*H20 -> 700
A21: 16 | B21: 正和珍珠糯米 | C21: 50斤/袋 | D21: 斤 | E21: 4 | F21: =H21/0.85 -> 5.7647059 | G21: =H21/F21 -> 0.85 | H21: 4.9 | I21: =E21*H21 -> 19.6
A22: 17 | B22: 光明健能酸奶180g | C22: 180g | D22: 杯 | E22: 60 | F22: =H22/0.85 -> 4.1176471 | G22: =H22/F22 -> 0.85 | H22: 3.5 | I22: =E22*H22 -> 210
A23: 18 | B23: 光明新鲜牧场鲜奶 | C23: 200ml | D23: 杯 | E23: 40 | F23: =H23/0.85 -> 3.7647059 | G23: =H23/F23 -> 0.85 | H23: 3.2 | I23: =E23*H23 -> 128
A24: 19 | B24: 卤牛肉 | D24: 斤 | E24: 5 | F24: =H24/0.85 -> 103.52941 | G24: =H24/F24 -> 0.85 | H24: 88 | I24: =E24*H24 -> 440
A25: 20 | B25: 手撕鸡 | D25: 只 | E25: 5 | F25: =H25/0.85 -> 30.588235 | G25: =H25/F25 -> 0.85 | H25: 26 | I25: =E25*H25 -> 130
A26: 21 | B26: 高筋面粉 | C26: 50斤/1包 | D26: 斤 | E26: 50 | F26: 3.95 | G26: 0.9 | H26: =G26*F26 -> 3.555 | I26: =E26*H26 -> 177.75
A27: 22
A28: 23
A29: 24
A30: 25
A31: 26
A32: 27
A33: 28
A34: 供货合计: | B34: =SUM(I6:I33) -> 2239.45
A35: 金额大写： | B35: =B34 -> 2239.45
A36: 制表人 ：樊君丽 收货人： 送货人：

Sheet 5
A1: 武汉康恩农贸发展有限公司送货单
A3: 收货单位： | B3: 汉南数智化检测分公司
A4: 配送日期： | B4: 45356
A5: 序号 | B5: 名称 | C5: 规格 | D5: 单位 | E5: 数量 | F5: 超市价格 | G5: 折扣率 | H5: 折后价 | I5: 折后金额 | J5: 备注
A6: 1 | B6: （新鲜）河粉 | D6: 斤 | E6: 11 | F6: =H6/0.85 -> 3.5294118 | G6: =H6/F6 -> 0.85 | H6: 3 | I6: =E6*H6 -> 33
A7: 2 | B7: 热干面（熟） | D7: 斤 | E7: 8 | F7: =H7/0.85 -> 4.1176471 | G7: =H7/F7 -> 0.85 | H7: 3.5 | I7: =E7*H7 -> 28
A8: 3 | B8: 青豆角 | D8: 斤 | E8: 6 | F8: =H8/0.85 -> 6.8235294 | G8: =H8/F8 -> 0.85 | H8: 5.8 | I8: =E8*H8 -> 34.8
A9: 4 | B9: 大红薯 | D9: 斤 | E9: 5 | F9: =H9/0.85 -> 4.1176471 | G9: =H9/F9 -> 0.85 | H9: 3.5 | I9: =E9*H9 -> 17.5
A10: 5 | B10: 铁棍山药 | D10: 斤 | E10: 2 | F10: =H10/0.85 -> 10.352941 | G10: =H10/F10 -> 0.85 | H10: 8.8 | I10: =E10*H10 -> 17.6
A11: 6 | B11: 西红柿 | D11: 斤 | E11: 3 | F11: =H11/0.85 -> 5.6470588 | G11: =H11/F11 -> 0.85 | H11: 4.8 | I11: =E11*H11 -> 14.4
A12: 7 | B12: 西芹 | D12: 斤 | E12: 7 | F12: =H12/0.85 -> 5.6470588 | G12: =H12/F12 -> 0.85 | H12: 4.8 | I12: =E12*H12 -> 33.6
A13: 8 | B13: 紫长茄子（细长） | D13: 斤 | E13: 6 | F13: =H13/0.85 -> 7.6470588 | G13: =H13/F13 -> 0.85 | H13: 6.5 | I13: =E13*H13 -> 39
A14: 9 | B14: 紫薯 | D14: 斤 | E14: 5 | F14: =H14/0.85 -> 6.8235294 | G14: =H14/F14 -> 0.85 | H14: 5.8 | I14: =E14*H14 -> 29
A15: 10 | B15: 鲜香菇 | D15: 斤 | E15: 4 | F15: =H15/0.85 -> 11.529412 | G15: =H15/F15 -> 0.85 | H15: 9.8 | I15: =E15*H15 -> 39.2
A16: 11 | B16: 小白菜 | D16: 斤 | E16: 2 | F16: =H16/0.85 -> 4.1176471 | G16: =H16/F16 -> 0.85 | H16: 3.5 | I16: =E16*H16 -> 7
A17: 12 | B17: 油麦菜 | D17: 斤 | E17: 12 | F17: =H17/0.85 -> 5.2941176 | G17: =H17/F17 -> 0.85 | H17: 4.5 | I17: =E17*H17 -> 54
A18: 13 | B18: 香梨 | D18: 斤 | E18: 24.7 | F18: =H18/0.85 -> 12.705882 | G18: =H18/F18 -> 0.85 | H18: 10.8 | I18: =E18*H18 -> 266.76
A19: 14 | B19: 红壳鸡蛋 | C19: 12板/件 | D19: 件 | E19: 1 | F19: =H19/0.85 -> 329.41176 | G19: =H19/F19 -> 0.85 | H19: 280 | I19: =E19*H19 -> 280
A20: 15 | B20: 【鲜】精品五花 | D20: 斤 | E20: 8 | F20: =H20/0.85 -> 22.941176 | G20: =H20/F20 -> 0.85 | H20: 19.5 | I20: =E20*H20 -> 156
A21: 16 | B21: 【鲜】猪脊骨 | D21: 斤 | E21: 8 | F21: =H21/0.85 -> 16.235294 | G21: =H21/F21 -> 0.85 | H21: 13.8 | I21: =E21*H21 -> 110.4
A22: 17 | B22: 【鲜】猪瘦肉片 | D22: 斤 | E22: 5 | F22: =H22/0.85 -> 23.529412 | G22: =H22/F22 -> 0.85 | H22: 20 | I22: =E22*H22 -> 100
A23: 18 | B23: 【鲜】净大草鱼 | D23: 斤 | E23: 13.6 | F23: =H23/0.85 -> 16.235294 | G23: =H23/F23 -> 0.85 | H23: 13.8 | I23: =E23*H23 -> 187.68
A24: 19 | B24: 稻香园干黑豆豉 | C24: 100g | D24: 袋 | E24: 8 | F24: =H24/0.85 -> 2.9411765 | G24: =H24/F24 -> 0.85 | H24: 2.5 | I24: =E24*H24 -> 20
A25: 20 | B25: 鑫怡久久海带头 | C25: 9KG/件 | D25: 斤 | E25: 4 | F25: =H25/0.85 -> 10 | G25: =H25/F25 -> 0.85 | H25: 8.5 | I25: =E25*H25 -> 34
A26: 21 | B26: 干黄豆 | C26: 50斤/件 | D26: 斤 | E26: 2 | F26: =H26/0.85 -> 6.4705882 | G26: =H26/F26 -> 0.85 | H26: 5.5 | I26: =E26*H26 -> 11
A27: 22
A28: 23
A29: 24
A30: 25
A31: 26
A32: 27
A33: 28
A34: 供货合计: | B34: =SUM(I6:I33) -> 1512.94
A35: 金额大写： | B35: =B34 -> 1512.94
A36: 制表人 ：樊君丽 收货人： 送货人：

Sheet 6
A1: 武汉康恩农贸发展有限公司送货单
A3: 收货单位： | B3: 汉南数智化检测分公司
A4: 配送日期： | B4: 45357
A5: 序号 | B5: 名称 | C5: 规格 | D5: 单位 | E5: 数量 | F5: 超市价格 | G5: 折扣率 | H5: 折后价 | I5: 折后金额 | J5: 备注
A6: 1 | B6: 干细粉 | C6: 散称 | D6: 斤 | E6: 10 | F6: =H6/0.85 -> 4.1176471 | G6: =H6/F6 -> 0.85 | H6: 3.5 | I6: =E6*H6 -> 35
A7: 2 | B7: 热干面（熟） | D7: 斤 | E7: 3 | F7: =H7/0.85 -> 4.1176471 | G7: =H7/F7 -> 0.85 | H7: 3.5 | I7: =E7*H7 -> 10.5
A8: 3 | B8: 生面窝浆 | D8: 斤 | E8: 5 | F8: =H8/0.85 -> 7.0588235 | G8: =H8/F8 -> 0.85 | H8: 6 | I8: =E8*H8 -> 30
A9: 4 | B9: 青大蒜 | D9: 斤 | E9: 5 | F9: =H9/0.85 -> 9.1764706 | G9: =H9/F9 -> 0.85 | H9: 7.8 | I9: =E9*H9 -> 39
A10: 5 | B10: 红椒 | D10: 斤 | E10: 2 | F10: =H10/0.85 -> 8 | G10: =H10/F10 -> 0.85 | H10: 6.8 | I10: =E10*H10 -> 13.6
A11: 6 | B11: 胡萝卜 | D11: 斤 | E11: 7 | F11: =H11/0.85 -> 2.9411765 | G11: =H11/F11 -> 0.85 | H11: 2.5 | I11: =E11*H11 -> 17.5
A12: 7 | B12: 芜湖青椒 | D12: 斤 | E12: 18 | F12: =H12/0.85 -> 5.6470588 | G12: =H12/F12 -> 0.85 | H12: 4.8 | I12: =E12*H12 -> 86.4
A13: 8 | B13: 冬瓜 | D13: 斤 | E13: 7.5 | F13: =H13/0.85 -> 2.9411765 | G13: =H13/F13 -> 0.85 | H13: 2.5 | I13: =E13*H13 -> 18.75
A14: 9 | B14: 鲜香菇 | D14: 斤 | E14: 2 | F14: =H14/0.85 -> 11.529412 | G14: =H14/F14 -> 0.85 | H14: 9.8 | I14: =E14*H14 -> 19.6
A15: 10 | B15: 生菜 | D15: 斤 | E15: 15 | F15: =H15/0.85 -> 5.6470588 | G15: =H15/F15 -> 0.85 | H15: 4.8 | I15: =E15*H15 -> 72
A16: 11 | B16: 小白菜 | D16: 斤 | E16: 2 | F16: =H16/0.85 -> 4.1176471 | G16: =H16/F16 -> 0.85 | H16: 3.5 | I16: =E16*H16 -> 7
A17: 12 | B17: 薄干子 | D17: 斤 | E17: 3 | F17: =H17/0.85 -> 8 | G17: =H17/F17 -> 0.85 | H17: 6.8 | I17: =E17*H17 -> 20.4
A18: 13 | B18: 【鲜】牛腩 | D18: 斤 | E18: 9 | F18: =H18/0.85 -> 56.470588 | G18: =H18/F18 -> 0.85 | H18: 48 | I18: =E18*H18 -> 432
... A23: 18 | B23: 泡冬笋 | D23: 斤 | E23: 2.5 | F23: =H23/0.85 -> 11.529412 | G23: =H23/F23 -> 0.85 | H23: 9.8 | I23: =E23*H23 -> 24.5
A24: 19 | B24: 永超榨菜 | C24: 8斤 | D24: 件 | E24: 1 | F24: =H24/0.85 -> 64.705882 | G24: =H24/F24 -> 0.85 | H24: 55 | I24: =E24*H24 -> 55
A25: 20 | B25: 正和珍珠糯米 | C25: 50斤/袋 | D25: 斤 | E25: 4 | F25: =H25/0.85 -> 5.7647059 | G25: =H25/F25 -> 0.85 | H25: 4.9 | I25: =E25*H25 -> 19.6
A26: 21 | B26: 光明健能酸奶180g | C26: 180g | D26: 杯 | E26: 50 | F26: =H26/0.85 -> 4.1176471 | G26: =H26/F26 -> 0.85 | H26: 3.5 | I26: =E26*H26 -> 175
A27: 22 | B27: 光明新鲜牧场鲜奶 | C27: 200ml | D27: 杯 | E27: 40 | F27: =H27/0.85 -> 3.7647059 | G27: =H27/F27 -> 0.85 | H27: 3.2 | I27: =E27*H27 -> 128
A28: 23
A29: 24
A30: 25
A31: 26
A32: 27
A33: 28
A34: 供货合计: | B34: =SUM(I6:I33) -> 1615.05
A35: 金额大写： | B35: =B34 -> 1615.05
A36: 制表人 ：樊君丽 收货人： 送货人：

Sheet 7
A1: 武汉康恩农贸发展有限公司送货单
A3: 收货单位： | B3: 汉南数智化检测分公司
A4: 配送日期： | B4: 45358
A5: 序号 | B5: 名称 | C5: 规格 | D5: 单位 | E5: 数量 | F5: 超市价格 | G5: 折扣率 | H5: 折后价 | I5: 折后金额 | J5: 备注
A6: 1 | B6: （新鲜）河粉 | D6: 斤 | E6: 3 | F6: =H6/0.85 -> 3.5294118 | G6: =H6/F6 -> 0.85 | H6: 3 | I6: =E6*H6 -> 9
A7: 2 | B7: 热干面（熟） | D7: 斤 | E7: 12 | F7: =H7/0.85 -> 4.1176471 | G7: =H7/F7 -> 0.85 | H7: 3.5 | I7: =E7*H7 -> 42
A8: 3 | B8: 蒜米 | D8: 斤 | E8: 4 | F8: =H8/0.85 -> 9.1764706 | G8: =H8/F8 -> 0.85 | H8: 7.8 | I8: =E8*H8 -> 31.2
A9: 4 | B9: 大土豆 | D9: 斤 | E9: 10 | F9: =H9/0.85 -> 4.1176471 | G9: =H9/F9 -> 0.85 | H9: 3.5 | I9: =E9*H9 -> 35
A10: 5 | B10: 红椒 | D10: 斤 | E10: 2 | F10: =H10/0.85 -> 8 | G10: =H10/F10 -> 0.85 | H10: 6.8 | I10: =E10*H10 -> 13.6
A11: 6 | B11: 蒜苗 | D11: 斤 | E11: 8 | F11: =H11/0.85 -> 11.529412 | G11: =H11/F11 -> 0.85 | H11: 9.8 | I11: =E11*H11 -> 78.4
A12: 7 | B12: 西红柿 | D12: 斤 | E12: 5 | F12: =H12/0.85 -> 5.6470588 | G12: =H12/F12 -> 0.85 | H12: 4.8 | I12: =E12*H12 -> 24
A13: 8 | B13: 西兰花 | D13: 斤 | E13: 9 | F13: =H13/0.85 -> 6.8235294 | G13: =H13/F13 -> 0.85 | H13: 5.8 | I13: =E13*H13 -> 52.2
A14: 9 | B14: 平菇 | D14: 斤 | E14: 6 | F14: =H14/0.85 -> 11.529412 | G14: =H14/F14 -> 0.85 | H14: 9.8 | I14: =E14*H14 -> 58.8
A15: 10 | B15: 大白菜 | D15: 斤 | E15: 15 | F15: =H15/0.85 -> 2.1176471 | G15: =H15/F15 -> 0.85 | H15: 1.8 | I15: =E15*H15 -> 27
A16: 11 | B16: 细土芹 | D16: 斤 | E16: 5 | F16: =H16/0.85 -> 6.4705882 | G16: =H16/F16 -> 0.85 | H16: 5.5 | I16: =E16*H16 -> 27.5
A17: 12 | B17: 小白菜 | D17: 斤 | E17: 6 | F17: =H17/0.85 -> 4.1176471 | G17: =H17/F17 -> 0.85 | H17: 3.5 | I17: =E17*H17 -> 21
... A20: 15 | B20: 【鲜】五花肉沫 | D20: 斤 | E20: 2 | F20: =H20/0.85 -> 16.235294 | G20: =H20/F20 -> 0.85 | H20: 13.8 | I20: =E20*H20 -> 27.6
A21: 16 | B21: 辣椒王(节) | C21: 散称 | D21: 斤 | E21: 1 | F21: =H21/0.85 -> 28.235294 | G21: =H21/F21 -> 0.85 | H21: 24 | I21: =E21*H21 -> 24
A22: 17 | B22: 辣椒王(面) | C22: 散称 | D22: 斤 | E22: 1 | F22: =H22/0.85 -> 28.235294 | G22: =H22/F22 -> 0.85 | H22: 24 | I22: =E22*H22 -> 24
A23: 18 | B23: 南德调味料 | C23: 150g*46袋 | D23: 袋 | E23: 4 | F23: =H23/0.85 -> 8 | G23: =H23/F23 -> 0.85 | H23: 6.8 | I23: =E23*H23 -> 27.2
A24: 19 | B24: 王守义十三香 | C24: 45g*10盒/条 | D24: 条 | E24: 1 | F24: =H24/0.85 -> 49.411765 | G24: =H24/F24 -> 0.85 | H24: 42 | I24: =E24*H24 -> 42
A25: 20 | B25: 白萝卜 | D25: 斤 | E25: 7 | F25: =H25/0.85 -> 2.3529412 | G25: =H25/F25 -> 0.85 | H25: 2 | I25: =E25*H25 -> 14
A26: 21 | B26: 卤牛肚 | D26: 斤 | E26: 8 | F26: =H26/0.85 -> 103.52941 | G26: =H26/F26 -> 0.85 | H26: 88 | I26: =E26*H26 -> 704
A27: 22 | B27: 卤牛骨头 | D27: 斤 | E27: 4 | F27: =H27/0.85 -> 51.764706 | G27: =H27/F27 -> 0.85 | H27: 44 | I27: =E27*H27 -> 176
A28: 23
A29: 24
A30: 25
A31: 26
A32: 27
A33: 28
A34: 供货合计: | B34: =SUM(I6:I33) -> 1617.5
A35: 金额大写： | B35: =B34 -> 1617.5
A36: 制表人 ：樊君丽 收货人： 送货人：

Sheet 8
A1: 武汉康恩农贸发展有限公司送货单
A3: 收货单位： | B3: 汉南数智化检测分公司
A4: 配送日期： | B4: 45359
A5: 序号 | B5: 名称 | C5: 规格 | D5: 单位 | E5: 数量 | F5: 超市价格 | G5: 折扣率 | H5: 折后价 | I5: 折后金额 | J5: 备注
A6: 1 | B6: （新鲜）河粉 | D6: 斤 | E6: 3 | F6: =H6/0.85 -> 3.5294118 | G6: =H6/F6 -> 0.85 | H6: 3 | I6: =E6*H6 -> 9
A7: 2 | B7: 饺子皮 | D7: 斤 | E7: 7 | F7: =H7/0.85 -> 4.1176471 | G7: =H7/F7 -> 0.85 | H7: 3.5 | I7: =E7*H7 -> 24.5
A8: 3 | B8: 大葱 | D8: 斤 | E8: 3 | F8: =H8/0.85 -> 5.8823529 | G8: =H8/F8 -> 0.85 | H8: 5 | I8: =E8*H8 -> 15
A9: 4 | B9: 白萝卜 | D9: 斤 | E9: 7 | F9: =H9/0.85 -> 2.1176471 | G9: =H9/F9 -> 0.85 | H9: 1.8 | I9: =E9*H9 -> 12.6
A10: 5 | B10: 甜玉米棒 | D10: 个 | E10: 5 | F10: =H10/0.85 -> 5.2941176 | G10: =H10/F10 -> 0.85 | H10: 4.5 | I10: =E10*H10 -> 22.5
A11: 6 | B11: 黄瓜 | D11: 斤 | E11: 5.5 | F11: =H11/0.85 -> 4.4705882 | G11: =H11/F11 -> 0.85 | H11: 3.8 | I11: =E11*H11 -> 20.9
A12: 7 | B12: 口蘑 | D12: 斤 | E12: 5.4 | F12: =H12/0.85 -> 13.882353 | G12: =H12/F12 -> 0.85 | H12: 11.8 | I12: =E12*H12 -> 63.72
A13: 8 | B13: 韭菜 | D13: 斤 | E13: 4 | F13: =H13/0.85 -> 5.6470588 | G13: =H13/F13 -> 0.85 | H13: 4.8 | I13: =E13*H13 -> 19.2
A14: 9 | B14: 平包菜 | D14: 斤 | E14: 7 | F14: =H14/0.85 -> 2.3529412 | G14: =H14/F14 -> 0.85 | H14: 2 | I14: =E14*H14 -> 14
A15: 10 | B15: 油炸豆腐泡 | D15: 斤 | E15: 7 | F15: =H15/0.85 -> 10 | G15: =H15/F15 -> 0.85 | H15: 8.5 | I15: =E15*H15 -> 59.5
A16: 11 | B16: 鲜羊蝎子 | D16: 斤 | E16: 5 | F16: =H16/0.85 -> 42.352941 | G16: =H16/F16 -> 0.85 | H16: 36 | I16: =E16*H16 -> 180
A17: 12 | B17: 【鲜】精品五花 | D17: 斤 | E17: 9 | F17: =H17/0.85 -> 22.941176 | G17: =H17/F17 -> 0.85 | H17: 19.5 | I17: =E17*H17 -> 175.5
... A19: 14 | B19: 【鲜】猪通排骨 | D19: 斤 | E19: 6 | F19: =H19/0.85 -> 30.588235 | G19: =H19/F19 -> 0.85 | H19: 26 | I19: =E19*H19 -> 156
A20: 15 | B20: 初荷白糖方糕 | C20: 540g*15袋/件 | D20: 件 | E20: 1 | F20: =H20/0.85 -> 158.82353 | G20: =H20/F20 -> 0.85 | H20: 135 | I20: =E20*H20 -> 135
A21: 16 | B21: 光明健能酸奶180g | C21: 180g | D21: 杯 | E21: 40 | F21: =H21/0.85 -> 4.1176471 | G21: =H21/F21 -> 0.85 | H21: 3.5 | I21: =E21*H21 -> 140
A22: 17 | B22: 高筋面粉 | C22: 50斤/1包 | D22: 斤 | E22: 50 | F22: 3.95 | G22: 0.9 | H22: =G22*F22 -> 3.555 | I22: =E22*H22 -> 177.75
A23: 18
A24: 19
A25: 20
A26: 21
A27: 22
A28: 23
A29: 24
A30: 25
A31: 26
A32: 27
A33: 28
A34: 供货合计: | B34: =SUM(I6:I33) -> 1280.37
A35: 金额大写： | B35: =B34 -> 1280.37
A36: 制表人 ：樊君丽 收货人： 送货人：

Sheet 3月合计
A1: 39号食堂
A2: 日期 | B2: 金额
A3: 45352 | B3: ='1'!B34 -> 1611.56
A4: 45353 | B4: 0
A5: 45354 | B5: 0
A6: 45355 | B6: ='4'!B34 -> 2239.45
A7: 45356 | B7: ='5'!B34 -> 1512.94
A8: 45357 | B8: ='6'!B34 -> 1615.05
A9: 45358 | B9: ='7'!B34 -> 1617.5
A10: 45359 | B10: ='8'!B34 -> 1280.37
A11: 45360
A12: 45361
A13: 45362
A14: 45363
A15: 45364
A16: 45365
A17: 45366
A18: 45367
A19: 45368
A20: 45369
A21: 45370
A22: 45371
... A31: 45380
A32: 合计 | B32: =SUM(B3:B31) -> 9876.87
B33: 29418
B34: =SUM(B32:B33) -> 39294.87

Sheet 11
A1: 序号 | B1: 品名 | C1: 规格 | D1: 单位 | E1: 数量 | F1: 超市价 | G1: 折扣率 | H1: 折后价 | I1: 金额
A2: 1 | B2: 生姜 | D2: 斤 | E2: 4 | F2: 8.4 | G2: 0.9 | H2: =F2*G2 -> 7.56 | I2: =H2*E2 -> 30.24
A3: 2 | B3: 盐 | C3: 500g | D3: 包 | E3: 9 | F3: 2.6 | G3: 0.9 | H3: =F3*G3 -> 2.34 | I3: =H3*E3 -> 21.06
A4: 3 | B4: 藕 | D4: 斤 | E4: 15 | F4: 5.6 | G4: 0.9 | H4: =F4*G4 -> 5.04 | I4: =H4*E4 -> 75.6
A5: 4 | B5: 东北酸菜 | D5: 斤 | E5: 8 | F5: 9 | G5: 0.9 | H5: =F5*G5 -> 8.1 | I5: =H5*E5 -> 64.8
A6: 5 | B6: 新鲜排骨 | D6: 斤 | E6: 12 | F6: 31 | G6: 0.9 | H6: =F6*G6 -> 27.9 | I6: =H6*E6 -> 334.8
A7: 6 | B7: 青椒 | D7: 斤 | E7: 9 | F7: 5.3 | G7: 0.9 | H7: =F7*G7 -> 4.77 | I7: =H7*E7 -> 42.93
A8: 7 | B8: 【精】猪里脊瘦肉丝 | D8: 斤 | E8: 10 | F8: 20 | G8: 0.9 | H8: =F8*G8 -> 18 | I8: =H8*E8 -> 180
A9: 8 | B9: 黄瓜 | D9: 斤 | E9: 8 | F9: 5.5 | G9: 0.9 | H9: =F9*G9 -> 4.95 | I9: =H9*E9 -> 39.6
A10: 9 | B10: 油麦菜 | D10: 斤 | E10: 13 | F10: 5 | G10: 0.9 | H10: =F10*G10 -> 4.5 | I10: =H10*E10 -> 58.5
A11: 10 | B11: 铁棍山药 | D11: 斤 | E11: 6 | F11: 9 | G11: 0.9 | H11: =F11*G11 -> 8.1 | I11: =H11*E11 -> 48.6
A12: 11 | B12: 净乌鸡块 | C12: 4只 | D12: 斤 | E12: 12 | F12: 29 | G12: 0.9 | H12: =F12*G12 -> 26.1 | I12: =H12*E12 -> 313.2
A13: 12 | B13: 红辣椒 | D13: 斤 | E13: 2 | F13: 9 | G13: 0.9 | H13: =F13*G13 -> 8.1 | I13: =H13*E13 -> 16.2
A14: 13 | B14: 香蕉 | C14: 50根 | D14: 斤 | E14: 11.425 | F14: 5 | G14: 0.9 | H14: =F14*G14 -> 4.5 | I14: =H14*E14 -> 51.4125
A15: 14 | B15: 卤牛肉 | D15: 斤 | E15: 8 | F15: 90 | G15: 0.9 | H15: =F15*G15 -> 81 | I15: =H15*E15 -> 648
A16: 15 | B16: 馄饨皮 | D16: 斤 | E16: 2 | F16: 3.8 | G16: 0.9 | H16: =F16*G16 -> 3.42 | I16: =H16*E16 -> 6.84
A17: 16 | B17: 鲜五花肉沫 | D17: 斤 | E17: 10 | F17: 18 | G17: 0.9 | H17: =F17*G17 -> 16.2 | I17: =H17*E17 -> 162
A18: 17 | B18: 玉米 | D18: 根 | E18: 10 | F18: 5 | G18: 0.9 | H18: =F18*G18 -> 4.5 | I18: =H18*E18 -> 45
A19: 18 | B19: 红薯 | D19: 斤 | E19: 10 | F19: 3.9 | G19: 0.9 | H19: =F19*G19 -> 3.51 | I19: =H19*E19 -> 35.1
A20: 19 | B20: 热干面（熟） | D20: 斤 | E20: 7 | F20: 3.8 | G20: 0.9 | H20: =F20*G20 -> 3.42 | I20: =H20*E20 -> 23.94
A21: 20 | B21: 河粉 | D21: 斤 | E21: 5 | F21: 3.3 | G21: 0.9 | H21: =F21*G21 -> 2.97 | I21: =H21*E21 -> 14.85
A22: 21 | B22: 香脆炸粉 | D22: 包 | E22: 5 | F22: 4.6 | G22: 0.9 | H22: =F22*G22 -> 4.14 | I22: =H22*E22 -> 20.7
A23: 22 | B23: 焙烤调理奶 | D23: 件 | E23: 1 | F23: 390 | G23: 0.9 | H23: =F23*G23 -> 351 | I23: =H23*E23 -> 351
A24: 23 | B24: 特仑苏纯牛奶 | D24: 瓶 | E24: 40 | F24: 4.15 | G24: 0.9 | H24: =F24*G24 -> 3.735 | I24: =H24*E24 -> 149.4
A25: 24 | B25: 每日鲜语鲜奶 | D25: 瓶 | E25: 40 | F25: 5.6 | G25: 0.9 | H25: =F25*G25 -> 5.04 | I25: =H25*E25 -> 201.6
B26: 合计 | I26: =SUM(I2:I25) -> 2935.3725

Sheet 12
A1: 序号 | B1: 品名 | C1: 规格 | D1: 单位 | E1: 数量 | F1: 超市价 | G1: 折扣率 | H1: 折后价 | I1: 金额
A2: 1 | B2: 白萝卜 | D2: 斤 | E2: 10 | F2: 2.22 | G2: 0.9 | H2: =F2*G2 -> 1.998 | I2: =H2*E2 -> 19.98
A3: 2 | B3: 胡萝卜 | D3: 斤 | E3: 6 | F3: 3.3 | G3: 0.9 | H3: =F3*G3 -> 2.97 | I3: =H3*E3 -> 17.82
A4: 3 | B4: 牛腩 | D4: 斤 | E4: 10 | F4: 52 | G4: 0.9 | H4: =F4*G4 -> 46.8 | I4: =H4*E4 -> 468
A5: 4 | B5: 鲜五花肉沫 | D5: 斤 | E5: 3 | F5: 18 | G5: 0.9 | H5: =F5*G5 -> 16.2 | I5: =H5*E5 -> 48.6
A6: 5 | B6: 酸豆角 | D6: 斤 | E6: 10 | F6: 10 | G6: 0.9 | H6: =F6*G6 -> 9 | I6: =H6*E6 -> 90
A7: 6 | B7: 茄子 | D7: 斤 | E7: 16 | F7: 9 | G7: 0.9 | H7: =F7*G7 -> 8.1 | I7: =H7*E7 -> 129.6
A8: 7 | B8: 生菜 | D8: 斤 | E8: 13 | F8: 5.3 | G8: 0.9 | H8: =F8*G8 -> 4.77 | I8: =H8*E8 -> 62.01
A9: 8 | B9: 青椒 | D9: 斤 | E9: 3 | F9: 5.3 | G9: 0.9 | H9: =F9*G9 -> 4.77 | I9: =H9*E9 -> 14.31
A10: 9 | B10: 红椒 | D10: 斤 | E10: 3 | F10: 9 | G10: 0.9 | H10: =F10*G10 -> 8.1 | I10: =H10*E10 -> 24.3
A11: 10 | B11: 简醇酸牛奶 | C11: 250g | D11: 瓶 | E11: 45 | F11: 5 | G11: 0.9 | H11: =F11*G11 -> 4.5 | I11: =H11*E11 -> 202.5
A12: 12 | B12: 干豆丝 | D12: 斤 | E12: 2 | F12: 11.8 | G12: 0.9 | H12: =F12*G12 -> 10.62 | I12: =H12*E12 -> 21.24
A13: 13 | B13: 小白菜 | D13: 斤 | E13: 2 | F13: 3.8 | G13: 0.9 | H13: =F13*G13 -> 3.42 | I13: =H13*E13 -> 6.84
A14: 14 | B14: 热干面（熟） | D14: 斤 | E14: 6 | F14: 3.8 | G14: 0.9 | H14: =F14*G14 -> 3.42 | I14: =H14*E14 -> 20.52
A15: 15 | B15: 河粉 | D15: 斤 | E15: 5 | F15: 3.3 | G15: 0.9 | H15: =F15*G15 -> 2.97 | I15: =H15*E15 -> 14.85
A16: 16 | B16: 香葱 | D16: 斤 | E16: 2 | F16: 7.5 | G16: 0.9 | H16: =F16*G16 -> 6.75 | I16: =H16*E16 -> 13.5
A17: 17 | B17: 去核红枣 | D17: 斤 | E17: 2 | F17: 26.8 | G17: 0.9 | H17: =F17*G17 -> 24.12 | I17: =H17*E17 -> 48.24
A18: 18 | B18: 铁棍山药 | D18: 斤 | E18: 2 | F18: 9 | G18: 0.9 | H18: =F18*G18 -> 8.1 | I18: =H18*E18 -> 16.2
A19: 19 | B19: 海天耗油 | C19: 6kg | D19: 罐 | E19: 1 | F19: 45 | G19: 0.9 | H19: =F19*G19 -> 40.5 | I19: =H19*E19 -> 40.5
A20: 20 | B20: 后腿腊肉 | D20: 斤 | E20: 3 | F20: 31.1 | G20: 0.9 | H20: =F20*G20 -> 27.99 | I20: =H20*E20 -> 83.97
B21: 合计 | I21: =SUM(I2:I20) -> 1342.98

Sheet 13
A1: 序号 | B1: 品名 | C1: 规格 | D1: 单位 | E1: 数量 | F1: 超市价 | G1: 折扣率 | H1: 折后价 | I1: 金额
A2: 1 | B2: 鸡翅中 | D2: 斤 | E2: 10.85 | F2: 32 | G2: 0.9 | H2: =F2*G2 -> 28.8 | I2: =H2*E2 -> 312.48
A3: 2 | B3: 嫩豆腐 | D3: 斤 | E3: 20 | F3: 3.8 | G3: 0.9 | H3: =F3*G3 -> 3.42 | I3: =H3*E3 -> 68.4
A4: 3 | B4: 包菜 | D4: 斤 | E4: 13 | F4: 2.8 | G4: 0.9 | H4: =F4*G4 -> 2.52 | I4: =H4*E4 -> 32.76
A5: 4 | B5: 净鱼头 | D5: 斤 | E5: 11.5 | F5: 25 | G5: 0.9 | H5: =F5*G5 -> 22.5 | I5: =H5*E5 -> 258.75
A6: 5 | B6: 香梨 | D6: 斤 | E6: 16.54 | F6: 6.9 | G6: 0.9 | H6: =F6*G6 -> 6.21 | I6: =H6*E6 -> 102.7134
A7: 6 | B7: 红壳鸡蛋 | D7: 件 | E7: 1 | F7: 333 | G7: 0.9 | H7: =F7*G7 -> 299.7 | I7: =H7*E7 -> 299.7
A8: 7 | B8: 东北稻花香大米 | C8: 50斤 | D8: 包 | E8: 2 | F8: 155 | G8: 0.9 | H8: =F8*G8 -> 139.5 | I8: =H8*E8 -> 279
A9: 8 | B9: 金龙鱼纯正玉米油 | C9: 5L*4 | D9: 件 | E9: 2 | F9: 399.6 | G9: 0.9 | H9: =F9*G9 -> 359.64 | I9: =H9*E9 -> 719.28
A10: 9 | B10: 净草鱼 | C10: 净重15斤 | D10: 斤 | E10: 18.5 | F10: 15.33 | G10: 0.9 | H10: =F10*G10 -> 13.797 | I10: =H10*E10 -> 255.2445
A11: 10 | B11: 【净】鲜三黄鸡 | C11: 2只 | D11: 斤 | E11: 8 | F11: 16.4 | G11: 0.9 | H11: =F11*G11 -> 14.76 | I11: =H11*E11 -> 118.08
A12: 11 | B12: 铁棍山药 | D12: 斤 | E12: 3 | F12: 9 | G12: 0.9 | H12: =F12*G12 -> 8.1 | I12: =H12*E12 -> 24.3
A13: 12 | B13: 热干面（熟） | D13: 斤 | E13: 12 | F13: 3.8 | G13: 0.9 | H13: =F13*G13 -> 3.42 | I13: =H13*E13 -> 41.04
A14: 13 | B14: 现磨生面窝浆 | D14: 斤 | E14: 5 | F14: 10 | G14: 0.9 | H14: =F14*G14 -> 9 | I14: =H14*E14 -> 45
A15: 14 | B15: 特仑苏纯牛奶 | D15: 瓶 | E15: 40 | F15: 4.15 | G15: 0.9 | H15: =F15*G15 -> 3.735 | I15: =H15*E15 -> 149.4
A16: 15 | B16: 桂林米粉 | D16: 斤 | E16: 10 | F16: 8 | G16: 0.9 | H16: =F16*G16 -> 7.2 | I16: =H16*E16 -> 72
A17: 16 | B17: 芦笋 | D17: 斤 | E17: 5 | F17: 28.8 | G17: 0.9 | H17: =F17*G17 -> 25.92 | I17: =H17*E17 -> 129.6
A18: 17 | B18: 新鲜百合 | D18: 斤 | E18: 2 | F18: 59 | G18: 0.9 | H18: =F18*G18 -> 53.1 | I18: =H18*E18 -> 106.2
A19: 18 | B19: 核桃仁 | D19: 斤 | E19: 2 | F19: 56 | G19: 0.9 | H19: =F19*G19 -> 50.4 | I19: =H19*E19 -> 100.8
A20: 19 | B20: 玉女果（小番茄） | D20: 斤 | E20: 1.184 | F20: 13.2 | G20: 0.9 | H20: =F20*G20 -> 11.88 | I20: =H20*E20 -> 14.06592
A21: 20 | B21: 西兰花 | D21: 斤 | E21: 4 | F21: 6.44 | G21: 0.9 | H21: =F21*G21 -> 5.796 | I21: =H21*E21 -> 23.184
A22: 21 | B22: 新鲜净虾仁 | D22: 斤 | E22: 6 | F22: 74.5 | G22: 0.9 | H22: =F22*G22 -> 67.05 | I22: =H22*E22 -> 402.3
A23: 22 | B23: 有芝有老酸奶 | D23: 瓶 | E23: 20 | F23: 5 | G23: 0.9 | H23: =F23*G23 -> 4.5 | I23: =H23*E23 -> 90
... A30: 29 | B30: 细芹菜 | D30: 斤 | E30: 3 | F30: 6.7 | G30: 0.9 | H30: =F30*G30 -> 6.03 | I30: =H30*E30 -> 18.09
B31: 合计 | I31: =SUM(I2:I30) -> 4429.9078

Sheet 14
A1: 序号 | B1: 品名 | C1: 规格 | D1: 单位 | E1: 数量 | F1: 超市价 | G1: 折扣率 | H1: 折后价 | I1: 金额
A2: 1 | B2: 薄千张 | D2: 斤 | E2: 4 | F2: 7.56 | G2: 0.9 | H2: =F2*G2 -> 6.804 | I2: =H2*E2 -> 27.216
A3: 2 | B3: 绿豆芽 | D3: 斤 | E3: 5 | F3: 2.3 | G3: 0.9 | H3: =F3*G3 -> 2.07 | I3: =H3*E3 -> 10.35
A4: 3 | B4: 【精】猪瘦肉片 | D4: 斤 | E4: 6 | F4: 20 | G4: 0.9 | H4: =F4*G4 -> 18 | I4: =H4*E4 -> 108
A5: 4 | B5: 黄瓜 | D5: 斤 | E5: 5 | F5: 5.5 | G5: 0.9 | H5: =F5*G5 -> 4.95 | I5: =H5*E5 -> 24.75
A6: 5 | B6: 胡萝卜 | D6: 斤 | E6: 4 | F6: 3.3 | G6: 0.9 | H6: =F6*G6 -> 2.97 | I6: =H6*E6 -> 11.88
A7: 6 | B7: 西红柿 | D7: 斤 | E7: 7 | F7: 5.33 | G7: 0.9 | H7: =F7*G7 -> 4.797 | I7: =H7*E7 -> 33.579
A8: 7 | B8: 西兰花 | D8: 斤 | E8: 5 | F8: 6.44 | G8: 0.9 | H8: =F8*G8 -> 5.796 | I8: =H8*E8 -> 28.98
A9: 8 | B9: 袋装娃娃菜 | D9: 斤 | E9: 7 | F9: 8.9 | G9: 0.9 | H9: =F9*G9 -> 8.01 | I9: =H9*E9 -> 56.07
A10: 9 | B10: 金针菇 | D10: 斤 | E10: 5 | F10: 4.8 | G10: 0.9 | H10: =F10*G10 -> 4.32 | I10: =H10*E10 -> 21.6
A11: 10 | B11: 【精】猪里脊瘦肉丝 | D11: 斤 | E11: 3 | F11: 20 | G11: 0.9 | H11: =F11*G11 -> 18 | I11: =H11*E11 -> 54
A12: 11 | B12: 简醇酸牛奶 | D12: 个 | E12: 46 | F12: 5 | G12: 0.9 | H12: =F12*G12 -> 4.5 | I12: =H12*E12 -> 207
A13: 12 | B13: 鲜鸡脯肉 | D13: 斤 | E13: 6 | F13: 18.8 | G13: 0.9 | H13: =F13*G13 -> 16.92 | I13: =H13*E13 -> 101.52
... A20: 19 | B20: 糯米 | D20: 斤 | E20: 5 | F20: 4.99 | G20: 0.9 | H20: =F20*G20 -> 4.491 | I20: =H20*E20 -> 22.455
A21: 20 | B21: 三象牌糯米粉 | C21: 1kg | D21: 包 | E21: 5 | F21: 15.9 | G21: 0.9 | H21: =F21*G21 -> 14.31 | I21: =H21*E21 -> 71.55
A22: 21 | B22: 爆浆糍粑 | C22: 1*12 | D22: 件 | E22: 1 | F22: 166.67 | G22: 0.9 | H22: =F22*G22 -> 150.003 | I22: =H22*E22 -> 150.003
A23: 22 | B23: 卤牛骨头 | D23: 斤 | E23: 10 | F23: 48.89 | G23: 0.9 | H23: =F23*G23 -> 44.001 | I23: =H23*E23 -> 440.01
B24: 合计 | I24: =SUM(I2:I23) -> 1663.38

Sheet 15
A1: 序号 | B1: 品名 | C1: 规格 | D1: 单位 | E1: 数量 | F1: 超市价 | G1: 折扣率 | H1: 折后价 | I1: 金额
A2: 1 | B2: 鲜活基围虾 | D2: 斤 | E2: 8 | F2: 49 | G2: 0.9 | H2: =G2*F2 -> 44.1 | I2: =H2*E2 -> 352.8
A3: 2 | B3: 鲜茶树菇 | D3: 斤 | E3: 14 | F3: 12.5 | G3: 0.9 | H3: =G3*F3 -> 11.25 | I3: =H3*E3 -> 157.5
A4: 3 | B4: 蒙古牛肉 | D4: 袋 | E4: 7 | F4: 30 | G4: 0.9 | H4: =G4*F4 -> 27 | I4: =H4*E4 -> 189
A5: 4 | B5: 青椒 | D5: 斤 | E5: 15 | F5: 5.3 | G5: 0.9 | H5: =G5*F5 -> 4.77 | I5: =H5*E5 -> 71.55
A6: 5 | B6: 细芹菜 | D6: 斤 | E6: 4 | F6: 6.7 | G6: 0.9 | H6: =G6*F6 -> 6.03 | I6: =H6*E6 -> 24.12
A7: 6 | B7: 菠菜 | D7: 斤 | E7: 14 | F7: 5.9 | G7: 0.9 | H7: =G7*F7 -> 5.31 | I7: =H7*E7 -> 74.34
A8: 7 | B8: 冬瓜 | D8: 斤 | E8: 9 | F8: 2.78 | G8: 0.9 | H8: =G8*F8 -> 2.502 | I8: =H8*E8 -> 22.518
A9: 8 | B9: 新鲜排骨 | D9: 斤 | E9: 10 | F9: 31 | G9: 0.9 | H9: =G9*F9 -> 27.9 | I9: =H9*E9 -> 279
A10: 9 | B10: 苹果 | C10: 60个 | D10: 斤 | E10: 28.672 | F10: 9.44 | G10: 0.9 | H10: =G10*F10 -> 8.496 | I10: =H10*E10 -> 243.59731
A11: 10 | B11: 白萝卜 | D11: 斤 | E11: 7 | F11: 2.22 | G11: 0.9 | H11: =G11*F11 -> 1.998 | I11: =H11*E11 -> 13.986
A12: 11 | B12: 卤牛骨头 | D12: 斤 | E12: 5 | F12: 48.89 | G12: 0.9 | H12: =G12*F12 -> 44.001 | I12: =H12*E12 -> 220.005
A13: 12 | B13: 玉米 | D13: 根 | E13: 12 | F13: 5 | G13: 0.9 | H13: =G13*F13 -> 4.5 | I13: =H13*E13 -> 54
A14: 13 | B14: 特仑苏牛奶 | C14: 250ml | D14: 瓶 | E14: 60 | F14: 4.15 | G14: 0.9 | H14: =G14*F14 -> 3.735 | I14: =H14*E14 -> 224.1
A15: 14 | B15: 热干面（熟） | D15: 斤 | E15: 13 | F15: 3.8 | G15: 0.9 | H15: =G15*F15 -> 3.42 | I15: =H15*E15 -> 44.46
A16: 15 | B16: 河粉 | D16: 斤 | E16: 8 | F16: 3.3 | G16: 0.9 | H16: =G16*F16 -> 2.97 | I16: =H16*E16 -> 23.76
A17: 16 | B17: 鲜五花肉沫 | D17: 斤 | E17: 10 | F17: 18 | G17: 0.9 | H17: =G17*F17 -> 16.2 | I17: =H17*E17 -> 162
A18: 17 | B18: 三色杂粮 | D18: 斤 | E18: 10 | F18: 12 | G18: 0.9 | H18: =G18*F18 -> 10.8 | I18: =H18*E18 -> 108
A19: 18 | B19: 玉米片 | D19: 斤 | E19: 2 | F19: 7 | G19: 0.9 | H19: =G19*F19 -> 6.3 | I19: =H19*E19 -> 12.6
B20: 合计 | I20: =SUM(I2:I19) -> 2277.3363

Sheet 18
A1: 序号 | B1: 品名 | C1: 规格 | D1: 单位 | E1: 数量 | F1: 超市价 | G1: 折扣率 | H1: 折后价 | I1: 金额
A2: 1 | B2: 红油郫县豆瓣酱 | C2: 4kg | D2: 桶 | E2: 1 | F2: 53.8 | G2: 0.9 | H2: =G2*F2 -> 48.42 | I2: =H2*E2 -> 48.42
A3: 2 | B3: 清水笋 | C3: 2kg | D3: 袋 | E3: 3 | F3: 19.9 | G3: 0.9 | H3: =G3*F3 -> 17.91 | I3: =H3*E3 -> 53.73
A4: 3 | B4: 新鲜排骨 | D4: 斤 | E4: 9 | F4: 31 | G4: 0.9 | H4: =G4*F4 -> 27.9 | I4: =H4*E4 -> 251.1
A5: 4 | B5: 超级生粉 | C5: 1.9kg | D5: 袋 | E5: 1 | F5: 39 | G5: 0.9 | H5: =G5*F5 -> 35.1 | I5: =H5*E5 -> 35.1
A6: 5 | B6: 新土豆 | D6: 斤 | E6: 15 | F6: 3.9 | G6: 0.9 | H6: =G6*F6 -> 3.51 | I6: =H6*E6 -> 52.65
A7: 6 | B7: 橙子 | C7: 45个 | D7: 斤 | E7: 20 | F7: 6.8 | G7: 0.9 | H7: =G7*F7 -> 6.12 | I7: =H7*E7 -> 122.4
A8: 7 | B8: 菠萝（削皮） | D8: 斤 | E8: 8 | F8: 10.9 | G8: 0.9 | H8: =G8*F8 -> 9.81 | I8: =H8*E8 -> 78.48
A9: 8 | B9: 生菜 | D9: 斤 | E9: 14 | F9: 5.3 | G9: 0.9 | H9: =G9*F9 -> 4.77 | I9: =H9*E9 -> 66.78
A10: 9 | B10: 【精】猪里脊瘦肉丝 | D10: 斤 | E10: 5 | F10: 20 | G10: 0.9 | H10: =G10*F10 -> 18 | I10: =H10*E10 -> 90
A11: 10 | B11: 牛腩 | D11: 斤 | E11: 6 | F11: 52 | G11: 0.9 | H11: =G11*F11 -> 46.8 | I11: =H11*E11 -> 280.8
A12: 11 | B12: 新鲜海带 | D12: 斤 | E12: 5 | F12: 12.8 | G12: 0.9 | H12: =G12*F12 -> 11.52 | I12: =H12*E12 -> 57.6
A13: 12 | B13: 卤牛肉 | D13: 斤 | E13: 6 | F13: 90 | G13: 0.9 | H13: =G13*F13 -> 81 | I13: =H13*E13 -> 486
A14: 13 | B14: 馄饨皮 | D14: 斤 | E14: 2 | F14: 3.8 | G14: 0.9 | H14: =G14*F14 -> 3.42 | I14: =H14*E14 -> 6.84
A15: 14 | B15: 鲜五花肉沫 | D15: 斤 | E15: 2 | F15: 18 | G15: 0.9 | H15: =G15*F15 -> 16.2 | I15: =H15*E15 -> 32.4
A16: 15 | B16: 玉米 | D16: 根 | E16: 10 | F16: 5 | G16: 0.9 | H16: =G16*F16 -> 4.5 | I16: =H16*E16 -> 45
A17: 16 | B17: 特仑苏纯牛奶 | C17: 250ml | D17: 瓶 | E17: 40 | F17: 4.15 | G17: 0.9 | H17: =G17*F17 -> 3.735 | I17: =H17*E17 -> 149.4
A18: 17 | B18: 热干面（熟） | D18: 斤 | E18: 10 | F18: 3.8 | G18: 0.9 | H18: =G18*F18 -> 3.42 | I18: =H18*E18 -> 34.2
A19: 18 | B19: 河粉 | D19: 斤 | E19: 6 | F19: 3.3 | G19: 0.9 | H19: =G19*F19 -> 2.97 | I19: =H19*E19 -> 17.82
A20: 19 | B20: 黄豆 | D20: 斤 | E20: 2 | F20: 6.6 | G20: 0.9 | H20: =G20*F20 -> 5.94 | I20: =H20*E20 -> 11.88
A21: 20 | B21: 青椒 | D21: 斤 | E21: 2 | F21: 5.3 | G21: 0.9 | H21: =G21*F21 -> 4.77 | I21: =H21*E21 -> 9.54
A22: 21 | B22: 红椒 | D22: 斤 | E22: 2 | F22: 9 | G22: 0.9 | H22: =G22*F22 -> 8.1 | I22: =H22*E22 -> 16.2
B23: 合计 | I23: =SUM(I2:I22) -> 1946.34

Sheet 19
A1: 序号 | B1: 品名 | C1: 规格 | D1: 单位 | E1: 数量 | F1: 超市价 | G1: 折扣率 | H1: 折后价 | I1: 金额
A2: 1 | B2: 蒜米 | D2: 包 | E2: 2 | F2: 8.67 | G2: 0.9 | H2: =G2*F2 -> 7.803 | I2: =H2*E2 -> 15.606
A3: 2 | B3: 麻鸭 | C3: 6只 | D3: 斤 | E3: 19.7 | F3: 18.8 | G3: 0.9 | H3: =G3*F3 -> 16.92 | I3: =H3*E3 -> 333.324
A4: 3 | B4: 净莴苣 | D4: 斤 | E4: 10 | F4: 7.56 | G4: 0.9 | H4: =G4*F4 -> 6.804 | I4: =H4*E4 -> 68.04
A5: 4 | B5: 青椒 | D5: 斤 | E5: 17 | F5: 5.3 | G5: 0.9 | H5: =G5*F5 -> 4.77 | I5: =H5*E5 -> 81.09
A6: 5 | B6: 净芋头 | C6: 剥皮、小 | D6: 斤 | E6: 14 | F6: 10.8 | G6: 0.9 | H6: =G6*F6 -> 9.72 | I6: =H6*E6 -> 136.08
A7: 6 | B7: 冬瓜 | D7: 斤 | E7: 7 | F7: 2.78 | G7: 0.9 | H7: =G7*F7 -> 2.502 | I7: =H7*E7 -> 17.514
A8: 7 | B8: 简醇酸牛奶 | D8: 瓶 | E8: 60 | F8: 5 | G8: 0.9 | H8: =G8*F8 -> 4.5 | I8: =H8*E8 -> 270
A9: 8 | B9: 红椒 | D9: 斤 | E9: 2 | F9: 9 | G9: 0.9 | H9: =G9*F9 -> 8.1 | I9: =H9*E9 -> 16.2
A10: 9 | B10: 白米粉 | C10: 粗 | D10: 斤 | E10: 3 | F10: 6 | G10: 0.9 | H10: =G10*F10 -> 5.4 | I10: =H10*E10 -> 16.2
A11: 10 | B11: 胡萝卜 | D11: 斤 | E11: 5 | F11: 3.3 | G11: 0.9 | H11: =G11*F11 -> 2.97 | I11: =H11*E11 -> 14.85
A12: 11 | B12: 大白菜 | D12: 斤 | E12: 9 | F12: 2.8 | G12: 0.9 | H12: =G12*F12 -> 2.52 | I12: =H12*E12 -> 22.68
A13: 12 | B13: 鲜五花肉沫 | D13: 斤 | E13: 2 | F13: 18 | G13: 0.9 | H13: =G13*F13 -> 16.2 | I13: =H13*E13 -> 32.4
A14: 13 | B14: 新鲜平菇 | D14: 斤 | E14: 3 | F14: 10.89 | G14: 0.9 | H14: =G14*F14 -> 9.801 | I14: =H14*E14 -> 29.403
A15: 14 | B15: 红薯 | D15: 斤 | E15: 5 | F15: 3.9 | G15: 0.9 | H15: =G15*F15 -> 3.51 | I15: =H15*E15 -> 17.55
A16: 15 | B16: 紫薯 | D16: 斤 | E16: 5 | F16: 8 | G16: 0.9 | H16: =G16*F16 -> 7.2 | I16: =H16*E16 -> 36
A17: 16 | B17: 热干面（熟） | D17: 斤 | E17: 5 | F17: 3.8 | G17: 0.9 | H17: =G17*F17 -> 3.42 | I17: =H17*E17 -> 17.1
A18: 17 | B18: 河粉 | D18: 斤 | E18: 12 | F18: 3.3 | G18: 0.9 | H18: =G18*F18 -> 2.97 | I18: =H18*E18 -> 35.64
A19: 18 | B19: 小白菜 | D19: 斤 | E19: 2 | F19: 3.8 | G19: 0.9 | H19: =G19*F19 -> 3.42 | I19: =H19*E19 -> 6.84
A20: 19 | B20: 糯米 | D20: 斤 | E20: 4 | F20: 4.99 | G20: 0.9 | H20: =G20*F20 -> 4.491 | I20: =H20*E20 -> 17.964
A21: 20 | B21: 高筋面粉 | C21: 50斤/1包 | D21: 斤 | E21: 50 | F21: 3.95 | G21: 0.9 | H21: =G21*F21 -> 3.555 | I21: =H21*E21 -> 177.75
B22: 合计 | I22: =SUM(I2:I21) -> 1362.231

Sheet 20
A1: 序号 | B1: 品名 | C1: 规格 | D1: 单位 | E1: 数量 | F1: 超市价 | G1: 折扣率 | H1: 折后价 | I1: 金额
A2: 1 | B2: 精品五花肉片 | D2: 斤 | E2: 10 | F2: 18 | G2: 0.9 | H2: =G2*F2 -> 16.2 | I2: =H2*E2 -> 162
A3: 2 | B3: 鲜五花肉沫 | D3: 斤 | E3: 2.5 | F3: 18 | G3: 0.9 | H3: =G3*F3 -> 16.2 | I3: =H3*E3 -> 40.5
A4: 3 | B4: 白米粉 | D4: 斤 | E4: 5 | F4: 6 | G4: 0.9 | H4: =G4*F4 -> 5.4 | I4: =H4*E4 -> 27
A5: 4 | B5: 冬瓜 | D5: 斤 | E5: 18 | F5: 2.78 | G5: 0.9 | H5: =G5*F5 -> 2.502 | I5: =H5*E5 -> 45.036
A6: 5 | B6: 四季豆 | D6: 斤 | E6: 15 | F6: 11.8 | G6: 0.9 | H6: =G6*F6 -> 10.62 | I6: =H6*E6 -> 159.3
A7: 6 | B7: 广东菜心 | D7: 斤 | E7: 16 | F7: 9 | G7: 0.9 | H7: =G7*F7 -> 8.1 | I7: =H7*E7 -> 129.6
A8: 7 | B8: 香蕉 | C8: 20根 | D8: 斤 | E8: 4.57 | F8: 5 | G8: 0.9 | H8: =G8*F8 -> 4.5 | I8: =H8*E8 -> 20.565
A9: 8 | B9: 红壳鸡蛋 | D9: 件 | E9: 1 | F9: 333 | G9: 0.9 | H9: =G9*F9 -> 299.7 | I9: =H9*E9 -> 299.7
A10: 9 | B10: 藕 | D10: 斤 | E10: 5 | F10: 5.6 | G10: 0.9 | H10: =G10*F10 -> 5.04 | I10: =H10*E10 -> 25.2
A11: 10 | B11: 新土豆 | D11: 斤 | E11: 15 | F11: 3.9 | G11: 0.9 | H11: =G11*F11 -> 3.51 | I11: =H11*E11 -> 52.65
A12: 11 | B12: 红椒 | D12: 斤 | E12: 2 | F12: 9 | G12: 0.9 | H12: =G12*F12 -> 8.1 | I12: =H12*E12 -> 16.2
A13: 12 | B13: 鲫鱼 | C13: 3 | D13: 斤 | E13: 4.8 | F13: 16.9 | G13: 0.9 | H13: =G13*F13 -> 15.21 | I13: =H13*E13 -> 73.008
A14: 13 | B14: 嫩豆腐 | D14: 斤 | E14: 2 | F14: 3.8 | G14: 0.9 | H14: =G14*F14 -> 3.42 | I14: =H14*E14 -> 6.84
A15: 14 | B15: 新鲜平菇 | D15: 斤 | E15: 3 | F15: 10.89 | G15: 0.9 | H15: =G15*F15 -> 9.801 | I15: =H15*E15 -> 29.403
A16: 15 | B16: 现磨生面窝浆 | D16: 斤 | E16: 6 | F16: 10 | G16: 0.9 | H16: =G16*F16 -> 9 | I16: =H16*E16 -> 54
A17: 16 | B17: 特仑苏纯奶 | D17: 瓶 | E17: 40 | F17: 4.15 | G17: 0.9 | H17: =G17*F17 -> 3.735 | I17: =H17*E17 -> 149.4
A18: 17 | B18: 河粉 | D18: 斤 | E18: 2 | F18: 3.3 | G18: 0.9 | H18: =G18*F18 -> 2.97 | I18: =H18*E18 -> 5.94
A19: 18 | B19: 热干面（熟） | D19: 斤 | E19: 8 | F19: 3.8 | G19: 0.9 | H19: =G19*F19 -> 3.42 | I19: =H19*E19 -> 27.36
A20: 19 | B20: 鲜五花肉沫 | D20: 斤 | E20: 10 | F20: 18 | G20: 0.9 | H20: =G20*F20 -> 16.2 | I20: =H20*E20 -> 162
B21: 合计 | I21: =SUM(I2:I20) -> 1485.702

Sheet 21
A1: 序号 | B1: 品名 | C1: 规格 | D1: 单位 | E1: 数量 | F1: 超市价 | G1: 折扣率 | H1: 折后价 | I1: 金额
A2: 1 | B2: 净草鱼 | C2: 13 | D2: 斤 | E2: 18 | F2: 15.33 | G2: 0.9 | H2: =G2*F2 -> 13.797 | I2: =H2*E2 -> 248.346
A3: 2 | B3: 西红柿 | D3: 斤 | E3: 6 | F3: 5.33 | G3: 0.9 | H3: =G3*F3 -> 4.797 | I3: =H3*E3 -> 28.782
A4: 3 | B4: 千叶豆腐 | D4: 斤 | E4: 17 | F4: 6 | G4: 0.9 | H4: =G4*F4 -> 5.4 | I4: =H4*E4 -> 91.8
A5: 4 | B5: 新土豆 | D5: 斤 | E5: 8 | F5: 3.9 | G5: 0.9 | H5: =G5*F5 -> 3.51 | I5: =H5*E5 -> 28.08
A6: 5 | B6: 包菜 | D6: 斤 | E6: 15 | F6: 2.8 | G6: 0.9 | H6: =G6*F6 -> 2.52 | I6: =H6*E6 -> 37.8
A7: 6 | B7: 光明健能酸奶 | C7: 180g | D7: 杯 | E7: 60 | F7: 3.89 | G7: 0.9 | H7: =G7*F7 -> 3.501 | I7: =H7*E7 -> 210.06
A8: 7 | B8: 新鲜平菇 | D8: 斤 | E8: 5 | F8: 10.89 | G8: 0.9 | H8: =G8*F8 -> 9.801 | I8: =H8*E8 -> 49.005
A9: 8 | B9: 鲜五花肉沫 | D9: 斤 | E9: 2 | F9: 18 | G9: 0.9 | H9: =G9*F9 -> 16.2 | I9: =H9*E9 -> 32.4
A10: 9 | B10: 青椒 | D10: 斤 | E10: 5 | F10: 5.3 | G10: 0.9 | H10: =G10*F10 -> 4.77 | I10: =H10*E10 -> 23.85
A11: 10 | B11: 红椒 | D11: 斤 | E11: 5 | F11: 9 | G11: 0.9 | H11: =G11*F11 -> 8.1 | I11: =H11*E11 -> 40.5
A12: 11 | B12: 紫菜 | C12: 100g | D12: 包 | E12: 12 | F12: 12 | G12: 0.9 | H12: =G12*F12 -> 10.8 | I12: =H12*E12 -> 129.6
A13: 12 | B13: 西红柿 | D13: 斤 | E13: 4 | F13: 5.33 | G13: 0.9 | H13: =G13*F13 -> 4.797 | I13: =H13*E13 -> 19.188
A14: 13 | B14: 新鲜平菇 | D14: 斤 | E14: 5 | F14: 10.89 | G14: 0.9 | H14: =G14*F14 -> 9.801 | I14: =H14*E14 -> 49.005
A15: 14 | B15: 河粉 | D15: 斤 | E15: 4 | F15: 3.3 | G15: 0.9 | H15: =G15*F15 -> 2.97 | I15: =H15*E15 -> 11.88
A16: 15 | B16: 热干面（熟） | D16: 斤 | E16: 13 | F16: 3.8 | G16: 0.9 | H16: =G16*F16 -> 3.42 | I16: =H16*E16 -> 44.46
A17: 16 | B17: 小白菜 | D17: 斤 | E17: 2 | F17: 3.8 | G17: 0.9 | H17: =G17*F17 -> 3.42 | I17: =H17*E17 -> 6.84
A18: 17 | B18: 鲜五花肉沫 | D18: 斤 | E18: 4 | F18: 18 | G18: 0.9 | H18: =G18*F18 -> 16.2 | I18: =H18*E18 -> 64.8
A19: 18 | B19: 大葱 | D19: 斤 | E19: 4 | F19: 4.95 | G19: 0.9 | H19: =G19*F19 -> 4.455 | I19: =H19*E19 -> 17.82
A20: 19 | B20: 饺子皮 | D20: 斤 | E20: 6 | F20: 4 | G20: 0.9 | H20: =G20*F20 -> 3.6 | I20: =H20*E20 -> 21.6
A21: 20 | B21: 桂林米粉 | D21: 斤 | E21: 10 | F21: 8 | G21: 0.9 | H21: =G21*F21 -> 7.2 | I21: =H21*E21 -> 72
B23: 合计 | I23: =SUM(I2:I21) -> 1227.816

Sheet 22
A1: 序号 | B1: 品名 | C1: 规格 | D1: 单位 | E1: 数量 | F1: 超市价 | G1: 折扣率 | H1: 折后价 | I1: 金额
A2: 1 | B2: 生姜 | D2: 斤 | E2: 5 | F2: 8.4 | G2: 0.9 | H2: =G2*F2 -> 7.56 | I2: =H2*E2 -> 37.8
A3: 2 | B3: 藕 | D3: 斤 | E3: 19 | F3: 5.6 | G3: 0.9 | H3: =G3*F3 -> 5.04 | I3: =H3*E3 -> 95.76
A4: 3 | B4: 玉米 | D4: 根 | E4: 8 | F4: 5 | G4: 0.9 | H4: =G4*F4 -> 4.5 | I4: =H4*E4 -> 36
A5: 4 | B5: 新鲜排骨 | D5: 斤 | E5: 10 | F5: 31 | G5: 0.9 | H5: =G5*F5 -> 27.9 | I5: =H5*E5 -> 279
A6: 5 | B6: 细芹菜 | D6: 斤 | E6: 10 | F6: 6.7 | G6: 0.9 | H6: =G6*F6 -> 6.03 | I6: =H6*E6 -> 60.3
A7: 6 | B7: 【精】猪里脊瘦肉丝 | D7: 斤 | E7: 5 | F7: 20 | G7: 0.9 | H7: =G7*F7 -> 18 | I7: =H7*E7 -> 90
A8: 7 | B8: 菠菜 | D8: 斤 | E8: 14 | F8: 5.9 | G8: 0.9 | H8: =G8*F8 -> 5.31 | I8: =H8*E8 -> 74.34
A9: 8 | B9: 白萝卜 | D9: 斤 | E9: 7 | F9: 2.22 | G9: 0.9 | H9: =G9*F9 -> 1.998 | I9: =H9*E9 -> 13.986
A10: 9 | B10: 羊脊骨 | D10: 斤 | E10: 9.1 | F10: 35 | G10: 0.9 | H10: =G10*F10 -> 31.5 | I10: =H10*E10 -> 286.65
A11: 10 | B11: 香梨 | C11: 60个 | D11: 斤 | E11: 21.8 | F11: 6.9 | G11: 0.9 | H11: =G11*F11 -> 6.21 | I11: =H11*E11 -> 135.378
A12: 11 | B12: 酸豆角 | D12: 斤 | E12: 3 | F12: 10 | G12: 0.9 | H12: =G12*F12 -> 9 | I12: =H12*E12 -> 27
A13: 12 | B13: 卤牛骨头 | D13: 斤 | E13: 6 | F13: 48.89 | G13: 0.9 | H13: =G13*F13 -> 44.001 | I13: =H13*E13 -> 264.006
A14: 13 | B14: 光明新鲜牧场鲜奶 | D14: 瓶 | E14: 45 | F14: 3.56 | G14: 0.9 | H14: =G14*F14 -> 3.204 | I14: =H14*E14 -> 144.18
A15: 14 | B15: 热干面（熟） | D15: 斤 | E15: 8 | F15: 3.8 | G15: 0.9 | H15: =G15*F15 -> 3.42 | I15: =H15*E15 -> 27.36
A16: 15 | B16: 宽粉 | D16: 斤 | E16: 3 | F16: 3.3 | G16: 0.9 | H16: =G16*F16 -> 2.97 | I16: =H16*E16 -> 8.91
A17: 16 | B17: 香葱 | D17: 斤 | E17: 1 | F17: 7.5 | G17: 0.9 | H17: =G17*F17 -> 6.75 | I17: =H17*E17 -> 6.75
A18: 17 | B18: 黄豆 | D18: 斤 | E18: 5 | F18: 6.6 | G18: 0.9 | H18: =G18*F18 -> 5.94 | I18: =H18*E18 -> 29.7
A19: 18 | B19: 白萝卜 | D19: 斤 | E19: 4 | F19: 2.22 | G19: 0.9 | H19: =G19*F19 -> 1.998 | I19: =H19*E19 -> 7.992
B20: 合计 | I20: =SUM(I2:I19) -> 1625.112

Sheet 25
A1: 序号 | B1: 品名 | C1: 规格 | D1: 单位 | E1: 数量 | F1: 超市价 | G1: 折扣率 | H1: 折后价 | I1: 金额
A2: 1 | B2: 海天蒸鱼豉油 | C2: 1.6L*6 | D2: 件 | E2: 1 | F2: 240 | G2: 0.9 | H2: =G2*F2 -> 216 | I2: =H2*E2 -> 216
A3: 2 | B3: 草菇老抽 | C3: 1.9L*6 | D3: 件 | E3: 1 | F3: 156 | G3: 0.9 | H3: =G3*F3 -> 140.4 | I3: =H3*E3 -> 140.4
A4: 3 | B4: 海天陈醋 | C4: 1.75L*6 | D4: 件 | E4: 1 | F4: 108 | G4: 0.9 | H4: =G4*F4 -> 97.2 | I4: =H4*E4 -> 97.2
A5: 4 | B5: 新土豆 | D5: 斤 | E5: 11 | F5: 3.9 | G5: 0.9 | H5: =G5*F5 -> 3.51 | I5: =H5*E5 -> 38.61
A6: 5 | B6: 鲜香菇 | C6: 鲜 | D6: 斤 | E6: 6 | F6: 19.98 | G6: 0.9 | H6: =G6*F6 -> 17.982 | I6: =H6*E6 -> 107.892
A7: 6 | B7: 青椒 | D7: 斤 | E7: 2 | F7: 5.3 | G7: 0.9 | H7: =G7*F7 -> 4.77 | I7: =H7*E7 -> 9.54
A8: 7 | B8: 红椒 | D8: 斤 | E8: 2 | F8: 9 | G8: 0.9 | H8: =G8*F8 -> 8.1 | I8: =H8*E8 -> 16.2
A9: 8 | B9: 胡萝卜 | D9: 斤 | E9: 5 | F9: 3.3 | G9: 0.9 | H9: =G9*F9 -> 2.97 | I9: =H9*E9 -> 14.85
A10: 9 | B10: 精品五花肉 | D10: 斤 | E10: 8 | F10: 18 | G10: 0.9 | H10: =G10*F10 -> 16.2 | I10: =H10*E10 -> 129.6
A11: 10 | B11: 西兰花 | D11: 斤 | E11: 6 | F11: 6.44 | G11: 0.9 | H11: =G11*F11 -> 5.796 | I11: =H11*E11 -> 34.776
A12: 11 | B12: 铁棍山药 | D12: 斤 | E12: 4 | F12: 9 | G12: 0.9 | H12: =G12*F12 -> 8.1 | I12: =H12*E12 -> 32.4
A13: 12 | B13: 油麦菜 | D13: 斤 | E13: 14 | F13: 5 | G13: 0.9 | H13: =G13*F13 -> 4.5 | I13: =H13*E13 -> 63
A14: 13 | B14: 净鱼头 | C14: 7 | D14: 斤 | E14: 9 | F14: 25 | G14: 0.9 | H14: =G14*F14 -> 22.5 | I14: =H14*E14 -> 202.5
A15: 14 | B15: 嫩豆腐 | D15: 斤 | E15: 6 | F15: 3.8 | G15: 0.9 | H15: =G15*F15 -> 3.42 | I15: =H15*E15 -> 20.52
A16: 15 | B16: 香蕉 | C16: 60根 | D16: 斤 | E16: 22.6 | F16: 5 | G16: 0.9 | H16: =G16*F16 -> 4.5 | I16: =H16*E16 -> 101.7
A17: 16 | B17: 鲜五花肉沫 | D17: 斤 | E17: 3 | F17: 18 | G17: 0.9 | H17: =G17*F17 -> 16.2 | I17: =H17*E17 -> 48.6
A18: 17 | B18: 青豆角 | D18: 斤 | E18: 9 | F18: 10 | G18: 0.9 | H18: =G18*F18 -> 9 | I18: =H18*E18 -> 81
A19: 18 | B19: 福达坊纯正玉米油 | C19: 5L*4 | D19: 件 | E19: 2 | F19: 360 | G19: 0.9 | H19: =G19*F19 -> 324 | I19: =H19*E19 -> 648
A20: 19 | B20: 卤牛肉 | D20: 斤 | E20: 5 | F20: 90 | G20: 0.9 | H20: =G20*F20 -> 81 | I20: =H20*E20 -> 405
A21: 20 | B21: 【里脊】鲜牛肉 | D21: 斤 | E21: 2 | F21: 56 | G21: 0.9 | H21: =F21*G21 -> 50.4 | I21: =H21*E21 -> 100.8
A22: 21 | B22: 馄饨皮 | D22: 斤 | E22: 2 | F22: 3.8 | G22: 0.9 | H22: =G22*F22 -> 3.42 | I22: =H22*E22 -> 6.84
A23: 22 | B23: 鲜五花肉沫 | D23: 斤 | E23: 2 | F23: 18 | G23: 0.9 | H23: =G23*F23 -> 16.2 | I23: =H23*E23 -> 32.4
A24: 23 | B24: 玉米 | D24: 根 | E24: 8 | F24: 5 | G24: 0.9 | H24: =G24*F24 -> 4.5 | I24: =H24*E24 -> 36
A25: 24 | B25: 宽粉 | D25: 斤 | E25: 5 | F25: 3.3 | G25: 0.9 | H25: =G25*F25 -> 2.97 | I25: =H25*E25 -> 14.85
A26: 25 | B26: 热干面（熟） | D26: 斤 | E26: 9 | F26: 3.8 | G26: 0.9 | H26: =G26*F26 -> 3.42 | I26: =H26*E26 -> 30.78
A27: 26 | B27: 光明新鲜牧场鲜奶 | D27: 个 | E27: 45 | F27: 3.56 | G27: 0.9 | H27: =G27*F27 -> 3.204 | I27: =H27*E27 -> 144.18
B28: 合计 | I28: =SUM(I2:I27) -> 2773.638

Sheet 26
A1: 序号 | B1: 品名 | C1: 规格 | D1: 单位 | E1: 数量 | F1: 超市价 | G1: 折扣率 | H1: 折后价 | I1: 金额
A2: 1 | B2: 盐 | C2: 500g | D2: 包 | E2: 10 | F2: 2.6 | G2: 0.9 | H2: =G2*F2 -> 2.34 | I2: =H2*E2 -> 23.4
A3: 2 | B3: 天车甜面酱 | C3: 500g | D3: 瓶 | E3: 5 | F3: 14.5 | G3: 0.9 | H3: =G3*F3 -> 13.05 | I3: =H3*E3 -> 65.25
A4: 3 | B4: 黄灯笼辣椒酱 | C4: 700g | D4: 瓶 | E4: 3 | F4: 15.6 | G4: 0.9 | H4: =G4*F4 -> 14.04 | I4: =H4*E4 -> 42.12
A5: 4 | B5: 新鲜蚕豆米 | D5: 斤 | E5: 5 | F5: 23 | G5: 0.9 | H5: =G5*F5 -> 20.7 | I5: =H5*E5 -> 103.5
A6: 5 | B6: 巴沙鱼 | D6: 斤 | E6: 14 | F6: 19.9 | G6: 0.9 | H6: =G6*F6 -> 17.91 | I6: =H6*E6 -> 250.74
A7: 6 | B7: 西红柿 | D7: 斤 | E7: 5 | F7: 5.33 | G7: 0.9 | H7: =G7*F7 -> 4.797 | I7: =H7*E7 -> 23.985
A8: 7 | B8: 泡萝卜 | D8: 斤 | E8: 3 | F8: 6.7 | G8: 0.9 | H8: =G8*F8 -> 6.03 | I8: =H8*E8 -> 18.09
A9: 8 | B9: 细芹菜 | D9: 斤 | E9: 3 | F9: 6.7 | G9: 0.9 | H9: =G9*F9 -> 6.03 | I9: =H9*E9 -> 18.09
A10: 9 | B10: 薄香干 | D10: 斤 | E10: 8 | F10: 7 | G10: 0.9 | H10: =G10*F10 -> 6.3 | I10: =H10*E10 -> 50.4
A11: 10 | B11: 青椒 | D11: 斤 | E11: 16 | F11: 5.3 | G11: 0.9 | H11: =G11*F11 -> 4.77 | I11: =H11*E11 -> 76.32
A12: 11 | B12: 菠菜 | D12: 斤 | E12: 14 | F12: 5.9 | G12: 0.9 | H12: =G12*F12 -> 5.31 | I12: =H12*E12 -> 74.34
A13: 12 | B13: 金针菇 | D13: 斤 | E13: 4 | F13: 4.8 | G13: 0.9 | H13: =G13*F13 -> 4.32 | I13: =H13*E13 -> 17.28
A14: 13 | B14: 友芝友老酸奶 | D14: 瓶 | E14: 50 | F14: 5 | G14: 0.9 | H14: =G14*F14 -> 4.5 | I14: =H14*E14 -> 225
A15: 14 | B15: 东北稻花香大米 | D15: 袋 | E15: 2 | F15: 155 | G15: 0.9 | H15: =G15*F15 -> 139.5 | I15: =H15*E15 -> 279
A16: 15 | B16: 超级生粉 | D16: 袋 | E16: 1 | F16: 39 | G16: 0.9 | H16: =G16*F16 -> 35.1 | I16: =H16*E16 -> 35.1
... A24: 23 | B24: 紫薯 | D24: 斤 | E24: 3 | F24: 8 | G24: 0.9 | H24: =G24*F24 -> 7.2 | I24: =H24*E24 -> 21.6
B25: 合计 | I25: =SUM(I2:I24) -> 1482.309

Sheet 27
A1: 序号 | B1: 品名 | C1: 规格 | D1: 单位 | E1: 数量 | F1: 超市价 | G1: 折扣率 | H1: 折后价 | I1: 金额
A2: 1 | B2: 橙子 | C2: 40个 | D2: 斤 | E2: 16.06 | F2: 6.8 | G2: 0.9 | H2: =G2*F2 -> 6.12 | I2: =H2*E2 -> 98.2872
A3: 2 | B3: 蒜头 | D3: 包 | E3: 1 | F3: 8 | G3: 0.9 | H3: =G3*F3 -> 7.2 | I3: =H3*E3 -> 7.2
A4: 3 | B4: 精品五花肉片 | D4: 斤 | E4: 5 | F4: 18 | G4: 0.9 | H4: =G4*F4 -> 16.2 | I4: =H4*E4 -> 81
A5: 4 | B5: 鲜香菇 | D5: 斤 | E5: 8 | F5: 19.98 | G5: 0.9 | H5: =G5*F5 -> 17.982 | I5: =H5*E5 -> 143.856
A6: 5 | B6: 青椒 | D6: 斤 | E6: 7 | F6: 5.3 | G6: 0.9 | H6: =G6*F6 -> 4.77 | I6: =H6*E6 -> 33.39
A7: 6 | B7: 红椒 | D7: 斤 | E7: 2 | F7: 9 | G7: 0.9 | H7: =G7*F7 -> 8.1 | I7: =H7*E7 -> 16.2
A8: 7 | B8: 嫩豆腐 | D8: 斤 | E8: 16 | F8: 3.8 | G8: 0.9 | H8: =G8*F8 -> 3.42 | I8: =H8*E8 -> 54.72
A9: 8 | B9: 包菜 | D9: 斤 | E9: 14 | F9: 2.8 | G9: 0.9 | H9: =G9*F9 -> 2.52 | I9: =H9*E9 -> 35.28
A10: 9 | B10: 红壳鸡蛋 | D10: 件 | E10: 1 | F10: 333 | G10: 0.9 | H10: =G10*F10 -> 299.7 | I10: =H10*E10 -> 299.7
A11: 10 | B11: 洋葱 | D11: 斤 | E11: 5 | F11: 3.9 | G11: 0.9 | H11: =G11*F11 -> 3.51 | I11: =H11*E11 -> 17.55
A12: 11 | B12: 现磨生面窝浆 | D12: 斤 | E12: 6 | F12: 10 | G12: 0.9 | H12: =G12*F12 -> 9 | I12: =H12*E12 -> 54
A13: 12 | B13: 铁棍山药 | D13: 斤 | E13: 3 | F13: 9 | G13: 0.9 | H13: =G13*F13 -> 8.1 | I13: =H13*E13 -> 24.3
A14: 13 | B14: 热干面（熟） | D14: 斤 | E14: 8 | F14: 3.8 | G14: 0.9 | H14: =G14*F14 -> 3.42 | I14: =H14*E14 -> 27.36
... A19: 18 | B19: 卤牛骨头 | D19: 斤 | E19: 3 | F19: 48.89 | G19: 0.9 | H19: =G19*F19 -> 44.001 | I19: =H19*E19 -> 132.003
B20: 合计 | I20: =SUM(I2:I19) -> 1219.6962

Sheet 28
A1: 序号 | B1: 品名 | C1: 规格 | D1: 单位 | E1: 数量 | F1: 超市价 | G1: 折扣率 | H1: 折后价 | I1: 金额
A2: 1 | B2: 新土豆 | D2: 斤 | E2: 10 | F2: 3.9 | G2: 0.9 | H2: =G2*F2 -> 3.51 | I2: =H2*E2 -> 35.1
A3: 2 | B3: 藕 | D3: 斤 | E3: 10 | F3: 5.6 | G3: 0.9 | H3: =G3*F3 -> 5.04 | I3: =H3*E3 -> 50.4
A4: 3 | B4: 蒜苗 | D4: 斤 | E4: 7 | F4: 13.5 | G4: 0.9 | H4: =G4*F4 -> 12.15 | I4: =H4*E4 -> 85.05
A5: 4 | B5: 手工风干广式香肠 | D5: 斤 | E5: 7 | F5: 40 | G5: 0.9 | H5: =G5*F5 -> 36 | I5: =H5*E5 -> 252
A6: 5 | B6: 鲜五花肉沫 | D6: 斤 | E6: 2 | F6: 18 | G6: 0.9 | H6: =G6*F6 -> 16.2 | I6: =H6*E6 -> 32.4
A7: 6 | B7: 铁棍山药 | D7: 斤 | E7: 10 | F7: 9 | G7: 0.9 | H7: =G7*F7 -> 8.1 | I7: =H7*E7 -> 81
A8: 7 | B8: 生菜 | D8: 斤 | E8: 14 | F8: 5.3 | G8: 0.9 | H8: =G8*F8 -> 4.77 | I8: =H8*E8 -> 66.78
A9: 8 | B9: 冬瓜 | D9: 斤 | E9: 10 | F9: 2.78 | G9: 0.9 | H9: =G9*F9 -> 2.502 | I9: =H9*E9 -> 25.02
A10: 9 | B10: 麻鸭 | C10: 2只 | D10: 斤 | E10: 6.1 | F10: 18.8 | G10: 0.9 | H10: =G10*F10 -> 16.92 | I10: =H10*E10 -> 103.212
A11: 10 | B11: 简醇酸牛奶 | D11: 个 | E11: 60 | F11: 5 | G11: 0.9 | H11: =G11*F11 -> 4.5 | I11: =H11*E11 -> 270
A12: 11 | B12: 干香菇 | D12: 斤 | E12: 1 | F12: 46.9 | G12: 0.9 | H12: =G12*F12 -> 42.21 | I12: =H12*E12 -> 42.21
A13: 12 | B13: 薄香干 | D13: 斤 | E13: 1 | F13: 7 | G13: 0.9 | H13: =G13*F13 -> 6.3 | I13: =H13*E13 -> 6.3
A14: 13 | B14: 冬笋 | D14: 斤 | E14: 1 | F14: 10.89 | G14: 0.9 | H14: =G14*F14 -> 9.801 | I14: =H14*E14 -> 9.801
A15: 14 | B15: 精品五花肉片 | D15: 斤 | E15: 3 | F15: 18 | G15: 0.9 | H15: =G15*F15 -> 16.2 | I15: =H15*E15 -> 48.6
A16: 15 | B16: 鲜五花肉沫 | D16: 斤 | E16: 10 | F16: 18 | G16: 0.9 | H16: =G16*F16 -> 16.2 | I16: =H16*E16 -> 162
A17: 16 | B17: 香葱 | D17: 斤 | E17: 1 | F17: 7.5 | G17: 0.9 | H17: =G17*F17 -> 6.75 | I17: =H17*E17 -> 6.75
A18: 17 | B18: 桂林米粉 | D18: 斤 | E18: 10 | F18: 8 | G18: 0.9 | H18: =G18*F18 -> 7.2 | I18: =H18*E18 -> 72
A19: 18 | B19: 【净】鲜三黄鸡 | D19: 斤 | E19: 4 | F19: 16.4 | G19: 0.9 | H19: =G19*F19 -> 14.76 | I19: =H19*E19 -> 59.04
A20: 19 | B20: 铁棍山药 | D20: 斤 | E20: 4 | F20: 9 | G20: 0.9 | H20: =G20*F20 -> 8.1 | I20: =H20*E20 -> 32.4
A21: 20 | B21: 热干面（熟） | D21: 斤 | E21: 8 | F21: 3.8 | G21: 0.9 | H21: =G21*F21 -> 3.42 | I21: =H21*E21 -> 27.36
A22: 21 | B22: 河粉 | D22: 斤 | E22: 6 | F22: 3.3 | G22: 0.9 | H22: =G22*F22 -> 2.97 | I22: =H22*E22 -> 17.82
... A24: 23 | B24: 小白菜 | D24: 斤 | E24: 2 | F24: 3.8 | G24: 0.9 | H24: =G24*F24 -> 3.42 | I24: =H24*E24 -> 6.84
B25: 合计 | I25: =SUM(I2:I24) -> 1510.047

Sheet 29
A1: 序号 | B1: 品名 | C1: 规格 | D1: 单位 | E1: 数量 | F1: 超市价 | G1: 折扣率 | H1: 折后价 | I1: 金额
A2: 1 | B2: 胡萝卜 | D2: 斤 | E2: 9 | F2: 3.3 | G2: 0.9 | H2: =G2*F2 -> 2.97 | I2: =H2*E2 -> 26.73
A3: 2 | B3: 鲜羊肉(纯肉去骨) | D3: 斤 | E3: 10 | F3: 53.33 | G3: 0.9 | H3: =G3*F3 -> 47.997 | I3: =H3*E3 -> 479.97
A4: 3 | B4: 精品五花肉片 | D4: 斤 | E4: 5 | F4: 18 | G4: 0.9 | H4: =G4*F4 -> 16.2 | I4: =H4*E4 -> 81
A5: 4 | B5: 【精】猪里脊瘦肉丝 | D5: 斤 | E5: 5 | F5: 20 | G5: 0.9 | H5: =G5*F5 -> 18 | I5: =H5*E5 -> 90
A6: 5 | B6: 青杭椒 | D6: 斤 | E6: 8 | F6: 6.5 | G6: 0.9 | H6: =G6*F6 -> 5.85 | I6: =H6*E6 -> 46.8
A7: 6 | B7: 茄子 | D7: 斤 | E7: 16 | F7: 9 | G7: 0.9 | H7: =G7*F7 -> 8.1 | I7: =H7*E7 -> 129.6
A8: 7 | B8: 大白菜 | D8: 斤 | E8: 14 | F8: 2.8 | G8: 0.9 | H8: =G8*F8 -> 2.52 | I8: =H8*E8 -> 35.28
A9: 8 | B9: 丝瓜 | D9: 斤 | E9: 8 | F9: 8.8 | G9: 0.9 | H9: =G9*F9 -> 7.92 | I9: =H9*E9 -> 63.36
A10: 9 | B10: 鱼丸 | D10: 斤 | E10: 6 | F10: 22 | G10: 0.9 | H10: =G10*F10 -> 19.8 | I10: =H10*E10 -> 118.8
A11: 10 | B11: 香梨 | C11: 60个 | D11: 斤 | E11: 24 | F11: 6.9 | G11: 0.9 | H11: =G11*F11 -> 6.21 | I11: =H11*E11 -> 149.04
A12: 11 | B12: 青椒 | D12: 斤 | E12: 2 | F12: 5.3 | G12: 0.9 | H12: =G12*F12 -> 4.77 | I12: =H12*E12 -> 9.54
A13: 12 | B13: 红椒 | D13: 斤 | E13: 2 | F13: 9 | G13: 0.9 | H13: =G13*F13 -> 8.1 | I13: =H13*E13 -> 16.2
A14: 13 | B14: 卤牛骨头 | D14: 斤 | E14: 6 | F14: 48.89 | G14: 0.9 | H14: =G14*F14 -> 44.001 | I14: =H14*E14 -> 264.006
A15: 14 | B15: 白萝卜 | D15: 斤 | E15: 4 | F15: 2.22 | G15: 0.9 | H15: =G15*F15 -> 1.998 | I15: =H15*E15 -> 7.992
A16: 15 | B16: 玉米 | D16: 根 | E16: 8 | F16: 5 | G16: 0.9 | H16: =G16*F16 -> 4.5 | I16: =H16*E16 -> 36
A17: 16 | B17: 散称米酒 | D17: 斤 | E17: 3 | F17: 8 | G17: 0.9 | H17: =G17*F17 -> 7.2 | I17: =H17*E17 -> 21.6
A18: 17 | B18: 光明新鲜牧场鲜奶 | D18: 瓶 | E18: 45 | F18: 3.56 | G18: 0.9 | H18: =G18*F18 -> 3.204 | I18: =H18*E18 -> 144.18
A19: 18 | B19: 燕麦 | D19: 斤 | E19: 2 | F19: 7 | G19: 0.9 | H19: =G19*F19 -> 6.3 | I19: =H19*E19 -> 12.6
A20: 19 | B20: 小米 | D20: 斤 | E20: 2 | F20: 7.56 | G20: 0.9 | H20: =G20*F20 -> 6.804 | I20: =H20*E20 -> 13.608
A21: 20 | B21: 热干面（熟） | D21: 斤 | E21: 8 | F21: 3.8 | G21: 0.9 | H21: =G21*F21 -> 3.42 | I21: =H21*E21 -> 27.36
A22: 21 | B22: 宽粉 | D22: 斤 | E22: 4 | F22: 3.3 | G22: 0.9 | H22: =G22*F22 -> 2.97 | I22: =H22*E22 -> 11.88
A23: 22 | B23: 焙烤调理奶（蛋挞液） | C23: 907ml*12瓶/件 | D23: 件 | E23: 1 | F23: 390 | G23: 0.9 | H23: =G23*F23 -> 351 | I23: =H23*E23 -> 351
B24: 合计 | I24: =SUM(I2:I23) -> 2136.546

Sheet 合计
A1: 日期 | B1: 金额
A2: 3.11 | B2: 2692.37 | D2: 2935.37
A3: 3.12 | B3: 1343.43 | D3: 1342.98
A4: 3.13 | B4: 4429.91 | D4: 4429.91
A5: 3.14 | B5: 1663.43 | D5: 1663.48
A6: 3.15 | B6: 2277.08 | D6: 2277.34
A7: 3.18 | B7: 1946.34 | D7: 1946.34
A8: 3.19 | B8: 1362.23 | C8: 1362.23 | D8: 1362.23
A9: 3.20 | B9: 1485.7 | D9: 1485.7
A10: 3.21 | B10: 1227.35 | D10: 1227.82
A11: 3.22 | B11: 1625.11 | D11: 1625.11
A12: 3.25 | B12: 2773.91 | D12: 2773.64
A13: 3.26 | B13: 1482.31 | D13: 1482.31
A14: 3.27 | B14: 1219.66 | D14: 1219.7 | F14: 29418
A15: 3.28 | B15: 1510.05 | D15: 1510.05 | F15: 9876
A16: 3.29 | B16: 2136.55 | D16: 2136.55 | F16: =SUM(F14:F15) -> 39294
A17: 总计 | B17: =SUM(B2:B16) -> 29175.43 | D17: =SUM(D2:D16) -> 29418.53
