Workbook

Sheet 1
A1: 武汉康恩农贸发展有限公司送货单
A3: 收货单位： | B3: 汉南数智化检测分公司
A4: 配送日期： | B4: 45231
A5: 序号 | B5: 名称 | C5: 规格 | D5: 单位 | E5: 数量 | F5: 超市价格 | G5: 折扣率 | H5: 折后价 | I5: 折后金额 | J5: 备注
A6: 1 | B6: （新鲜）河粉 | D6: 斤 | E6: 7 | F6: =H6/0.85 -> 3.5294118 | G6: =H6/F6 -> 0.85 | H6: 3 | I6: =E6*H6 -> 21
A7: 2 | B7: 饺子皮 | D7: 斤 | E7: 5 | F7: =H7/0.85 -> 4.1176471 | G7: =H7/F7 -> 0.85 | H7: 3.5 | I7: =E7*H7 -> 17.5
A8: 3 | B8: 热干面（熟） | D8: 斤 | E8: 5 | F8: =H8/0.85 -> 4.1176471 | G8: =H8/F8 -> 0.85 | H8: 3.5 | I8: =E8*H8 -> 17.5
A9: 4 | B9: 生面窝浆 | D9: 斤 | E9: 4 | F9: =H9/0.85 -> 7.0588235 | G9: =H9/F9 -> 0.85 | H9: 6 | I9: =E9*H9 -> 24
A10: 5 | B10: 黄豆芽 | D10: 斤 | E10: 13 | F10: =H10/0.85 -> 2.9411765 | G10: =H10/F10 -> 0.85 | H10: 2.5 | I10: =E10*H10 -> 32.5
A11: 6 | B11: 大土豆 | D11: 斤 | E11: 18 | F11: =H11/0.85 -> 4.1176471 | G11: =H11/F11 -> 0.85 | H11: 3.5 | I11: =E11*H11 -> 63
A12: 7 | B12: 胡萝卜 | D12: 斤 | E12: 4 | F12: =H12/0.85 -> 2.9411765 | G12: =H12/F12 -> 0.85 | H12: 2.5 | I12: =E12*H12 -> 10
A13: 8 | B13: 甜玉米棒 | D13: 个 | E13: 16 | F13: =H13/0.85 -> 3.5294118 | G13: =H13/F13 -> 0.85 | H13: 3 | I13: =E13*H13 -> 48
A14: 9 | B14: 净莴苣 | D14: 斤 | E14: 14 | F14: =H14/0.85 -> 6.8235294 | G14: =H14/F14 -> 0.85 | H14: 5.8 | I14: =E14*H14 -> 81.2
A15: 10 | B15: 平菇 | D15: 斤 | E15: 5 | F15: =H15/0.85 -> 9.1764706 | G15: =H15/F15 -> 0.85 | H15: 7.8 | I15: =E15*H15 -> 39
A16: 11 | B16: 熟鹌鹑蛋 | D16: 斤 | E16: 3 | F16: =H16/0.85 -> 16.235294 | G16: =H16/F16 -> 0.85 | H16: 13.8 | I16: =E16*H16 -> 41.4
A17: 12 | B17: 【鲜】精品五花 | D17: 斤 | E17: 15 | F17: =H17/0.85 -> 22.941176 | G17: =H17/F17 -> 0.85 | H17: 19.5 | I17: =E17*H17 -> 292.5
... A19: 14 | B19: 【鲜】猪通排骨 | D19: 斤 | E19: 12 | F19: =H19/0.85 -> 32.941176 | G19: =H19/F19 -> 0.85 | H19: 28 | I19: =E19*H19 -> 336
A20: 15 | B20: 金龙鱼玉米油 | C20: 5L*4壶/件 | D20: 件 | E20: 2 | F20: =H20/0.85 -> 411.76471 | G20: =H20/F20 -> 0.85 | H20: 350 | I20: =E20*H20 -> 700
A21: 16 | B21: 正和珍珠糯米 | C21: 50斤/袋 | D21: 斤 | E21: 4 | F21: =H21/0.85 -> 5.7647059 | G21: =H21/F21 -> 0.85 | H21: 4.9 | I21: =E21*H21 -> 19.6
A22: 17 | B22: 1911老酸奶 | D22: 杯 | E22: 50 | F22: =H22/0.85 -> 4.1176471 | G22: =H22/F22 -> 0.85 | H22: 3.5 | I22: =E22*H22 -> 175
A23: 18
A24: 19
A25: 20
A26: 21
A27: 22
A28: 23
A29: 24
A30: 25
A31: 26
A32: 供货合计: | B32: =SUM(I6:I31) -> 1945.8
A33: 金额大写： | B33: =B32 -> 1945.8
A34: 制表人 ：樊君丽 收货人： 送货人：

Sheet 2
A1: 武汉康恩农贸发展有限公司送货单
A3: 收货单位： | B3: 汉南数智化检测分公司
A4: 配送日期： | B4: 45232
A5: 序号 | B5: 名称 | C5: 规格 | D5: 单位 | E5: 数量 | F5: 超市价格 | G5: 折扣率 | H5: 折后价 | I5: 折后金额 | J5: 备注
A6: 1 | B6: 饺子皮 | D6: 斤 | E6: 4 | F6: =H6/0.85 -> 4.1176471 | G6: =H6/F6 -> 0.85 | H6: 3.5 | I6: =E6*H6 -> 14
A7: 2 | B7: 热干面（熟） | D7: 斤 | E7: 2 | F7: =H7/0.85 -> 4.1176471 | G7: =H7/F7 -> 0.85 | H7: 3.5 | I7: =E7*H7 -> 7
A8: 3 | B8: 生姜 | D8: 斤 | E8: 5 | F8: =H8/0.85 -> 15.058824 | G8: =H8/F8 -> 0.85 | H8: 12.8 | I8: =E8*H8 -> 64
A9: 4 | B9: 小葱 | D9: 斤 | E9: 2 | F9: =H9/0.85 -> 8 | G9: =H9/F9 -> 0.85 | H9: 6.8 | I9: =E9*H9 -> 13.6
A10: 5 | B10: 板栗米 | D10: 斤 | E10: 6 | F10: =H10/0.85 -> 21.176471 | G10: =H10/F10 -> 0.85 | H10: 18 | I10: =E10*H10 -> 108
A11: 6 | B11: 白萝卜 | D11: 斤 | E11: 3 | F11: =H11/0.85 -> 2.3529412 | G11: =H11/F11 -> 0.85 | H11: 2 | I11: =E11*H11 -> 6
A12: 7 | B12: 有机花菜 | D12: 斤 | E12: 15 | F12: =H12/0.85 -> 5.2941176 | G12: =H12/F12 -> 0.85 | H12: 4.5 | I12: =E12*H12 -> 67.5
A13: 8 | B13: 油麦菜 | D13: 斤 | E13: 13 | F13: =H13/0.85 -> 5.2941176 | G13: =H13/F13 -> 0.85 | H13: 4.5 | I13: =E13*H13 -> 58.5
A14: 9 | B14: 嫩豆腐 | D14: 斤 | E14: 18 | F14: =H14/0.85 -> 4.1176471 | G14: =H14/F14 -> 0.85 | H14: 3.5 | I14: =E14*H14 -> 63
A15: 10 | B15: 【鲜】净三黄鸡 | D15: 斤 | E15: 22.3 | F15: =H15/0.85 -> 17.411765 | G15: =H15/F15 -> 0.85 | H15: 14.8 | I15: =E15*H15 -> 330.04
A16: 11 | B16: 【鲜】猪脊骨 | D16: 斤 | E16: 5 | F16: =H16/0.85 -> 16.235294 | G16: =H16/F16 -> 0.85 | H16: 13.8 | I16: =E16*H16 -> 69
A17: 12 | B17: 奥利客烘焙调理奶油 | C17: 907g/12瓶/件 | D17: 瓶 | E17: 15 | F17: =H17/0.85 -> 25.882353 | G17: =H17/F17 -> 0.85 | H17: 22 | I17: =E17*H17 -> 330
A18: 13 | B18: 糯米粉 | D18: 袋 | E18: 7 | F18: =H18/0.85 -> 11.529412 | G18: =H18/F18 -> 0.85 | H18: 9.8 | I18: =E18*H18 -> 68.6
A19: 14 | B19: 食用小苏打 | C19: 140g*50袋/件 | D19: 袋 | E19: 5 | F19: =H19/0.85 -> 3.2941176 | G19: =H19/F19 -> 0.85 | H19: 2.8 | I19: =E19*H19 -> 14
A20: 15 | B20: 合鑫泰东北珍珠香米 | C20: 25kg/包 | D20: 袋 | E20: 2 | F20: =H20/0.85 -> 205.88235 | G20: =H20/F20 -> 0.85 | H20: 175 | I20: =E20*H20 -> 350
A21: 16 | B21: 1911老酸奶 | D21: 杯 | E21: 55 | F21: =H21/0.85 -> 4.1176471 | G21: =H21/F21 -> 0.85 | H21: 3.5 | I21: =E21*H21 -> 192.5
A22: 17
A23: 18
A24: 19
A25: 20
A26: 21
A27: 22
A28: 23
A29: 24
A30: 25
A31: 26
A32: 供货合计: | B32: =SUM(I6:I31) -> 1755.74
A33: 金额大写： | B33: =B32 -> 1755.74
A34: 制表人 ：樊君丽 收货人： 送货人：

Sheet 3
A1: 武汉康恩农贸发展有限公司送货单
A3: 收货单位： | B3: 汉南数智化检测分公司
A4: 配送日期： | B4: 45233
A5: 序号 | B5: 名称 | C5: 规格 | D5: 单位 | E5: 数量 | F5: 超市价格 | G5: 折扣率 | H5: 折后价 | I5: 折后金额 | J5: 备注
A6: 1 | B6: （新鲜）河粉 | D6: 斤 | E6: 7 | F6: =H6/0.85 -> 3.5294118 | G6: =H6/F6 -> 0.85 | H6: 3 | I6: =E6*H6 -> 21
A7: 2 | B7: 干细粉 | C7: 散称 | D7: 斤 | E7: 6 | F7: =H7/0.85 -> 4.1176471 | G7: =H7/F7 -> 0.85 | H7: 3.5 | I7: =E7*H7 -> 21
A8: 3 | B8: 馄饨皮 | D8: 斤 | E8: 1 | F8: =H8/0.85 -> 4.1176471 | G8: =H8/F8 -> 0.85 | H8: 3.5 | I8: =E8*H8 -> 3.5
A9: 4 | B9: 热干面（熟） | D9: 斤 | E9: 3 | F9: =H9/0.85 -> 4.1176471 | G9: =H9/F9 -> 0.85 | H9: 3.5 | I9: =E9*H9 -> 10.5
A10: 5 | B10: 白豆角 | D10: 斤 | E10: 6 | F10: =H10/0.85 -> 10 | G10: =H10/F10 -> 0.85 | H10: 8.5 | I10: =E10*H10 -> 51
A11: 6 | B11: 白糯玉米棒（带叶） | D11: 个 | E11: 8 | F11: =H11/0.85 -> 3.5294118 | G11: =H11/F11 -> 0.85 | H11: 3 | I11: =E11*H11 -> 24
A12: 7 | B12: 红椒 | D12: 斤 | E12: 2 | F12: =H12/0.85 -> 8.8235294 | G12: =H12/F12 -> 0.85 | H12: 7.5 | I12: =E12*H12 -> 15
A13: 8 | B13: 芜湖青椒 | D13: 斤 | E13: 18 | F13: =H13/0.85 -> 4.7058824 | G13: =H13/F13 -> 0.85 | H13: 4 | I13: =E13*H13 -> 72
A14: 9 | B14: 冬瓜 | D14: 斤 | E14: 14.7 | F14: =H14/0.85 -> 2.9411765 | G14: =H14/F14 -> 0.85 | H14: 2.5 | I14: =E14*H14 -> 36.75
A15: 10 | B15: 平菇 | D15: 斤 | E15: 7 | F15: =H15/0.85 -> 9.1764706 | G15: =H15/F15 -> 0.85 | H15: 7.8 | I15: =E15*H15 -> 54.6
A16: 11 | B16: 平包菜 | D16: 斤 | E16: 13 | F16: =H16/0.85 -> 2.3529412 | G16: =H16/F16 -> 0.85 | H16: 2 | I16: =E16*H16 -> 26
A17: 12 | B17: 红壳鸡蛋 | C17: 12板/件 | D17: 件 | E17: 1 | F17: =H17/0.85 -> 352.94118 | G17: =H17/F17 -> 0.85 | H17: 300 | I17: =E17*H17 -> 300
A18: 13 | B18: 熟鹌鹑蛋 | D18: 斤 | E18: 2 | F18: =H18/0.85 -> 16.235294 | G18: =H18/F18 -> 0.85 | H18: 13.8 | I18: =E18*H18 -> 27.6
A19: 14 | B19: 【鲜】五花肉沫 | D19: 斤 | E19: 6 | F19: =H19/0.85 -> 16.235294 | G19: =H19/F19 -> 0.85 | H19: 13.8 | I19: =E19*H19 -> 82.8
A20: 15 | B20: 【鲜】猪瘦肉片 | D20: 斤 | E20: 5 | F20: =H20/0.85 -> 23.529412 | G20: =H20/F20 -> 0.85 | H20: 20 | I20: =E20*H20 -> 100
A21: 16 | B21: 【鲜】猪五花肉片 | D21: 斤 | E21: 8 | F21: =H21/0.85 -> 19.764706 | G21: =H21/F21 -> 0.85 | H21: 16.8 | I21: =E21*H21 -> 134.4
A22: 17 | B22: 1911老酸奶 | D22: 杯 | E22: 50 | F22: =H22/0.85 -> 4.1176471 | G22: =H22/F22 -> 0.85 | H22: 3.5 | I22: =E22*H22 -> 175
A23: 18
A24: 19
A25: 20
A26: 21
A27: 22
A28: 23
A29: 24
A30: 25
A31: 26
A32: 27
A33: 28
A34: 供货合计: | B34: =SUM(I6:I33) -> 1155.15
A35: 金额大写： | B35: =B34 -> 1155.15
A36: 制表人 ：樊君丽 收货人： 送货人：

Sheet 6
A1: 武汉康恩农贸发展有限公司送货单
A3: 收货单位： | B3: 汉南数智化检测分公司
A4: 配送日期： | B4: 45236
A5: 序号 | B5: 名称 | C5: 规格 | D5: 单位 | E5: 数量 | F5: 超市价格 | G5: 折扣率 | H5: 折后价 | I5: 折后金额 | J5: 备注
A6: 1 | B6: （新鲜）河粉 | D6: 斤 | E6: 7 | F6: =H6/0.85 -> 3.5294118 | G6: =H6/F6 -> 0.85 | H6: 3 | I6: =E6*H6 -> 21
A7: 2 | B7: 大圆皮 | D7: 斤 | E7: 2 | F7: =H7/0.85 -> 4.7058824 | G7: =H7/F7 -> 0.85 | H7: 4 | I7: =E7*H7 -> 8
A8: 3 | B8: 馄饨皮 | D8: 斤 | E8: 2 | F8: =H8/0.85 -> 4.1176471 | G8: =H8/F8 -> 0.85 | H8: 3.5 | I8: =E8*H8 -> 7
A9: 4 | B9: 热干面（熟） | D9: 斤 | E9: 5 | F9: =H9/0.85 -> 4.1176471 | G9: =H9/F9 -> 0.85 | H9: 3.5 | I9: =E9*H9 -> 17.5
A10: 5 | B10: 蒜米 | D10: 斤 | E10: 4 | F10: =H10/0.85 -> 9.1764706 | G10: =H10/F10 -> 0.85 | H10: 7.8 | I10: =E10*H10 -> 31.2
A11: 6 | B11: 新鲜毛豆米 | D11: 斤 | E11: 17 | F11: =H11/0.85 -> 11.529412 | G11: =H11/F11 -> 0.85 | H11: 9.8 | I11: =E11*H11 -> 166.6
A12: 7 | B12: 红椒 | D12: 斤 | E12: 2 | F12: =H12/0.85 -> 8.8235294 | G12: =H12/F12 -> 0.85 | H12: 7.5 | I12: =E12*H12 -> 15
A13: 8 | B13: 甜玉米棒 | D13: 个 | E13: 8 | F13: =H13/0.85 -> 3.5294118 | G13: =H13/F13 -> 0.85 | H13: 3 | I13: =E13*H13 -> 24
A14: 9 | B14: 西红柿 | D14: 斤 | E14: 14 | F14: =H14/0.85 -> 4.4705882 | G14: =H14/F14 -> 0.85 | H14: 3.8 | I14: =E14*H14 -> 53.2
A15: 10 | B15: 金针菇 | D15: 斤 | E15: 5 | F15: =H15/0.85 -> 6.8235294 | G15: =H15/F15 -> 0.85 | H15: 5.8 | I15: =E15*H15 -> 29
A16: 11 | B16: 大白菜 | D16: 斤 | E16: 13 | F16: =H16/0.85 -> 2.1176471 | G16: =H16/F16 -> 0.85 | H16: 1.8 | I16: =E16*H16 -> 23.4
A17: 12 | B17: 【鲜】五花肉沫 | D17: 斤 | E17: 8 | F17: =H17/0.85 -> 16.235294 | G17: =H17/F17 -> 0.85 | H17: 13.8 | I17: =E17*H17 -> 110.4
A18: 13 | B18: 净鳝鱼 | D18: 斤 | E18: 12 | F18: =H18/0.85 -> 82.352941 | G18: =H18/F18 -> 0.85 | H18: 70 | I18: =E18*H18 -> 840
A19: 14 | B19: 皖顺福小米椒 | C19: 2kg*6袋/件 | D19: 袋 | E19: 2 | F19: =H19/0.85 -> 11.529412 | G19: =H19/F19 -> 0.85 | H19: 9.8 | I19: =E19*H19 -> 19.6
A20: 15 | B20: 正和珍珠糯米 | C20: 50斤/袋 | D20: 斤 | E20: 10 | F20: =H20/0.85 -> 5.7647059 | G20: =H20/F20 -> 0.85 | H20: 4.9 | I20: =E20*H20 -> 49
A21: 16 | B21: 1911老酸奶 | D21: 杯 | E21: 55 | F21: =H21/0.85 -> 4.1176471 | G21: =H21/F21 -> 0.85 | H21: 3.5 | I21: =E21*H21 -> 192.5
A22: 17 | B22: 卤牛肉 | D22: 斤 | E22: 5 | F22: =H22/0.85 -> 103.52941 | G22: =H22/F22 -> 0.85 | H22: 88 | I22: =E22*H22 -> 440
A23: 18
A24: 19
A25: 20
A26: 21
A27: 22
A28: 23
A29: 24
A30: 25
A31: 26
A32: 供货合计: | B32: =SUM(I6:I31) -> 2047.4
A33: 金额大写： | B33: =B32 -> 2047.4
A34: 制表人 ：樊君丽 收货人： 送货人：

Sheet 7
A1: 武汉康恩农贸发展有限公司送货单
A3: 收货单位： | B3: 汉南数智化检测分公司
A4: 配送日期： | B4: 45237
A5: 序号 | B5: 名称 | C5: 规格 | D5: 单位 | E5: 数量 | F5: 超市价格 | G5: 折扣率 | H5: 折后价 | I5: 折后金额 | J5: 备注
A6: 1 | B6: （新鲜）河粉 | D6: 斤 | E6: 7 | F6: =H6/0.85 -> 3.5294118 | G6: =H6/F6 -> 0.85 | H6: 3 | I6: =E6*H6 -> 21
A7: 2 | B7: 热干面（熟） | D7: 斤 | E7: 5 | F7: =H7/0.85 -> 4.1176471 | G7: =H7/F7 -> 0.85 | H7: 3.5 | I7: =E7*H7 -> 17.5
A8: 3 | B8: 白萝卜 | D8: 斤 | E8: 6 | F8: =H8/0.85 -> 2.3529412 | G8: =H8/F8 -> 0.85 | H8: 2 | I8: =E8*H8 -> 12
A9: 4 | B9: 大红薯 | D9: 斤 | E9: 10 | F9: =H9/0.85 -> 4.1176471 | G9: =H9/F9 -> 0.85 | H9: 3.5 | I9: =E9*H9 -> 35
A10: 5 | B10: 西红柿 | D10: 斤 | E10: 2 | F10: =H10/0.85 -> 4.4705882 | G10: =H10/F10 -> 0.85 | H10: 3.8 | I10: =E10*H10 -> 7.6
A11: 6 | B11: 西芹 | D11: 斤 | E11: 8 | F11: =H11/0.85 -> 6.8235294 | G11: =H11/F11 -> 0.85 | H11: 5.8 | I11: =E11*H11 -> 46.4
A12: 7 | B12: 净莴苣 | D12: 斤 | E12: 6 | F12: =H12/0.85 -> 6.8235294 | G12: =H12/F12 -> 0.85 | H12: 5.8 | I12: =E12*H12 -> 34.8
A13: 8 | B13: 净芋头 | C13: （去皮，小） | D13: 斤 | E13: 15 | F13: =H13/0.85 -> 10.352941 | G13: =H13/F13 -> 0.85 | H13: 8.8 | I13: =E13*H13 -> 132
A14: 9 | B14: 鲜香菇 | D14: 斤 | E14: 5 | F14: =H14/0.85 -> 11.529412 | G14: =H14/F14 -> 0.85 | H14: 9.8 | I14: =E14*H14 -> 49
A15: 10 | B15: 韭菜 | D15: 斤 | E15: 3 | F15: =H15/0.85 -> 5.6470588 | G15: =H15/F15 -> 0.85 | H15: 4.8 | I15: =E15*H15 -> 14.4
A16: 11 | B16: 油麦菜 | D16: 斤 | E16: 12 | F16: =H16/0.85 -> 5.2941176 | G16: =H16/F16 -> 0.85 | H16: 4.5 | I16: =E16*H16 -> 54
A17: 12 | B17: 【鲜】净麻鸭 | D17: 斤 | E17: 14 | F17: =H17/0.85 -> 25.882353 | G17: =H17/F17 -> 0.85 | H17: 22 | I17: =E17*H17 -> 308
A18: 13 | B18: 【鲜】五花肉沫 | D18: 斤 | E18: 2 | F18: =H18/0.85 -> 16.235294 | G18: =H18/F18 -> 0.85 | H18: 13.8 | I18: =E18*H18 -> 27.6
A19: 14 | B19: 【鲜】猪通排骨 | D19: 斤 | E19: 8 | F19: =H19/0.85 -> 32.941176 | G19: =H19/F19 -> 0.85 | H19: 28 | I19: =E19*H19 -> 224
A20: 15 | B20: 光明健能酸奶180g | C20: 180g | D20: 杯 | E20: 45 | F20: =H20/0.85 -> 4.1176471 | G20: =H20/F20 -> 0.85 | H20: 3.5 | I20: =E20*H20 -> 157.5
A21: 16
A22: 17
A23: 18
A24: 19
A25: 20
A26: 21
A27: 22
A28: 23
A29: 24
A30: 25
A31: 26
A32: 27
A33: 28
A34: 供货合计: | B34: =SUM(I6:I33) -> 1140.8
A35: 金额大写： | B35: =B34 -> 1140.8
A36: 制表人 ：樊君丽 收货人： 送货人：

Sheet 8
A1: 武汉康恩农贸发展有限公司送货单
A3: 收货单位： | B3: 汉南数智化检测分公司
A4: 配送日期： | B4: 45238
A5: 序号 | B5: 名称 | C5: 规格 | D5: 单位 | E5: 数量 | F5: 超市价格 | G5: 折扣率 | H5: 折后价 | I5: 折后金额 | J5: 备注
A6: 1 | B6: （新鲜）河粉 | D6: 斤 | E6: 7 | F6: =H6/0.85 -> 3.5294118 | G6: =H6/F6 -> 0.85 | H6: 3 | I6: =E6*H6 -> 21
A7: 2 | B7: 饺子皮 | D7: 斤 | E7: 4 | F7: =H7/0.85 -> 4.1176471 | G7: =H7/F7 -> 0.85 | H7: 3.5 | I7: =E7*H7 -> 14
A8: 3 | B8: 热干面（熟） | D8: 斤 | E8: 6 | F8: =H8/0.85 -> 4.1176471 | G8: =H8/F8 -> 0.85 | H8: 3.5 | I8: =E8*H8 -> 21
A9: 4 | B9: 生面窝浆 | D9: 斤 | E9: 4 | F9: =H9/0.85 -> 7.0588235 | G9: =H9/F9 -> 0.85 | H9: 6 | I9: =E9*H9 -> 24
A10: 5 | B10: 红椒 | D10: 斤 | E10: 2 | F10: =H10/0.85 -> 8.8235294 | G10: =H10/F10 -> 0.85 | H10: 7.5 | I10: =E10*H10 -> 15
A11: 6 | B11: 甜玉米棒 | D11: 个 | E11: 8 | F11: =H11/0.85 -> 3.5294118 | G11: =H11/F11 -> 0.85 | H11: 3 | I11: =E11*H11 -> 24
A12: 7 | B12: 铁棍山药 | D12: 斤 | E12: 8 | F12: =H12/0.85 -> 10.352941 | G12: =H12/F12 -> 0.85 | H12: 8.8 | I12: =E12*H12 -> 70.4
A13: 8 | B13: 西红柿 | D13: 斤 | E13: 6 | F13: =H13/0.85 -> 4.4705882 | G13: =H13/F13 -> 0.85 | H13: 3.8 | I13: =E13*H13 -> 22.8
A14: 9 | B14: 鲜香菇 | D14: 斤 | E14: 1 | F14: =H14/0.85 -> 11.529412 | G14: =H14/F14 -> 0.85 | H14: 9.8 | I14: =E14*H14 -> 9.8
A15: 10 | B15: 上海青（小颗） | D15: 斤 | E15: 12 | F15: =H15/0.85 -> 2.9411765 | G15: =H15/F15 -> 0.85 | H15: 2.5 | I15: =E15*H15 -> 30
A16: 11 | B16: 薄干子 | D16: 斤 | E16: 2 | F16: =H16/0.85 -> 8 | G16: =H16/F16 -> 0.85 | H16: 6.8 | I16: =E16*H16 -> 13.6
A17: 12 | B17: 【鲜】五花肉沫 | D17: 斤 | E17: 8 | F17: =H17/0.85 -> 16.235294 | G17: =H17/F17 -> 0.85 | H17: 13.8 | I17: =E17*H17 -> 110.4
A18: 13 | B18: 【鲜】猪后腿肉 | D18: 斤 | E18: 2 | F18: =H18/0.85 -> 18.588235 | G18: =H18/F18 -> 0.85 | H18: 15.8 | I18: =E18*H18 -> 31.6
A19: 14 | B19: 爆浆糍粑 | C19: 300克 | D19: 袋 | E19: 6 | F19: =H19/0.85 -> 10.588235 | G19: =H19/F19 -> 0.85 | H19: 9 | I19: =E19*H19 -> 54
A20: 15 | B20: 李锦记蒸鱼豉油1.9L | C20: 1.9L*6瓶/件 | D20: 件 | E20: 1 | F20: =H20/0.85 -> 317.64706 | G20: =H20/F20 -> 0.85 | H20: 270 | I20: =E20*H20 -> 270
A21: 16 | B21: 海天金标生抽1.9L | C21: 1.9L*6壶/件 | D21: 箱 | E21: 1 | F21: =H21/0.85 -> 152.94118 | G21: =H21/F21 -> 0.85 | H21: 130 | I21: =E21*H21 -> 130
A22: 17 | B22: 1911老酸奶 | D22: 杯 | E22: 55 | F22: =H22/0.85 -> 4.1176471 | G22: =H22/F22 -> 0.85 | H22: 3.5 | I22: =E22*H22 -> 192.5
A23: 18
A24: 19
A25: 20
A26: 21
A27: 22
A28: 23
A29: 24
A30: 25
A31: 26
A32: 27
A33: 28
A34: 供货合计: | B34: =SUM(I6:I33) -> 1054.1
A35: 金额大写： | B35: =B34 -> 1054.1
A36: 制表人 ：樊君丽 收货人： 送货人：

Sheet 9
A1: 武汉康恩农贸发展有限公司送货单
A3: 收货单位： | B3: 汉南数智化检测分公司
A4: 配送日期： | B4: 45239
A5: 序号 | B5: 名称 | C5: 规格 | D5: 单位 | E5: 数量 | F5: 超市价格 | G5: 折扣率 | H5: 折后价 | I5: 折后金额 | J5: 备注
A6: 1 | B6: 热干面（熟） | D6: 斤 | E6: 4 | F6: =H6/0.85 -> 4.1176471 | G6: =H6/F6 -> 0.85 | H6: 3.5 | I6: =E6*H6 -> 14
A7: 2 | B7: 新鲜红小米椒 | D7: 斤 | E7: 1 | F7: =H7/0.85 -> 15.058824 | G7: =H7/F7 -> 0.85 | H7: 12.8 | I7: =E7*H7 -> 12.8
A8: 3 | B8: 黄豆芽 | D8: 斤 | E8: 3 | F8: =H8/0.85 -> 2.9411765 | G8: =H8/F8 -> 0.85 | H8: 2.5 | I8: =E8*H8 -> 7.5
A9: 4 | B9: 大藕 | D9: 斤 | E9: 5 | F9: =H9/0.85 -> 4.4705882 | G9: =H9/F9 -> 0.85 | H9: 3.8 | I9: =E9*H9 -> 19
A10: 5 | B10: 大土豆 | D10: 斤 | E10: 25 | F10: =H10/0.85 -> 4.1176471 | G10: =H10/F10 -> 0.85 | H10: 3.5 | I10: =E10*H10 -> 87.5
A11: 6 | B11: 黄瓜 | D11: 斤 | E11: 2 | F11: =H11/0.85 -> 4.4705882 | G11: =H11/F11 -> 0.85 | H11: 3.8 | I11: =E11*H11 -> 7.6
A12: 7 | B12: 老南瓜 | D12: 斤 | E12: 8.4 | F12: =H12/0.85 -> 2.9411765 | G12: =H12/F12 -> 0.85 | H12: 2.5 | I12: =E12*H12 -> 21
A13: 8 | B13: 平菇 | D13: 斤 | E13: 1 | F13: =H13/0.85 -> 9.1764706 | G13: =H13/F13 -> 0.85 | H13: 7.8 | I13: =E13*H13 -> 7.8
A14: 9 | B14: 鲜香菇 | D14: 斤 | E14: 1 | F14: =H14/0.85 -> 11.529412 | G14: =H14/F14 -> 0.85 | H14: 9.8 | I14: =E14*H14 -> 9.8
A15: 10 | B15: 生菜 | D15: 斤 | E15: 15 | F15: =H15/0.85 -> 5.6470588 | G15: =H15/F15 -> 0.85 | H15: 4.8 | I15: =E15*H15 -> 72
A16: 11 | B16: 薄千张 | D16: 斤 | E16: 3 | F16: =H16/0.85 -> 8 | G16: =H16/F16 -> 0.85 | H16: 6.8 | I16: =E16*H16 -> 20.4
A17: 12 | B17: 熟鹌鹑蛋 | D17: 斤 | E17: 2 | F17: =H17/0.85 -> 16.235294 | G17: =H17/F17 -> 0.85 | H17: 13.8 | I17: =E17*H17 -> 27.6
... A21: 16 | B21: 【鲜】猪血 | D21: 斤 | E21: 15 | F21: =H21/0.85 -> 5.8823529 | G21: =H21/F21 -> 0.85 | H21: 5 | I21: =E21*H21 -> 75
A22: 17 | B22: 糖桂花酱265g | C22: 265g/瓶 | D22: 瓶 | E22: 1 | F22: =H22/0.85 -> 11.529412 | G22: =H22/F22 -> 0.85 | H22: 9.8 | I22: =E22*H22 -> 9.8
A23: 18 | B23: 鑫怡久久海带丝 | C23: 19斤/件 | D23: 斤 | E23: 2 | F23: =H23/0.85 -> 7.0588235 | G23: =H23/F23 -> 0.85 | H23: 6 | I23: =E23*H23 -> 12
A24: 19 | B24: 1911老酸奶 | D24: 杯 | E24: 55 | F24: =H24/0.85 -> 4.1176471 | G24: =H24/F24 -> 0.85 | H24: 3.5 | I24: =E24*H24 -> 192.5
A25: 20 | B25: 卤牛肚 | D25: 斤 | E25: 5 | F25: =H25/0.85 -> 103.52941 | G25: =H25/F25 -> 0.85 | H25: 88 | I25: =E25*H25 -> 440
A26: 21
A27: 22
A28: 23
A29: 24
A30: 25
A31: 26
A32: 27
A33: 供货合计: | B33: =SUM(I6:I32) -> 1277.7
A34: 金额大写： | B34: =B33 -> 1277.7
A35: 制表人 ：樊君丽 收货人： 送货人：

Sheet 10
A1: 武汉康恩农贸发展有限公司送货单
A3: 收货单位： | B3: 汉南数智化检测分公司
A4: 配送日期： | B4: 45240
A5: 序号 | B5: 名称 | C5: 规格 | D5: 单位 | E5: 数量 | F5: 超市价格 | G5: 折扣率 | H5: 折后价 | I5: 折后金额 | J5: 备注
A6: 1 | B6: （新鲜）河粉 | D6: 斤 | E6: 5 | F6: =H6/0.85 -> 3.5294118 | G6: =H6/F6 -> 0.85 | H6: 3 | I6: =E6*H6 -> 15
A7: 2 | B7: 干细粉 | C7: 散称 | D7: 斤 | E7: 6 | F7: =H7/0.85 -> 4.1176471 | G7: =H7/F7 -> 0.85 | H7: 3.5 | I7: =E7*H7 -> 21
A8: 3 | B8: 馄饨皮 | D8: 斤 | E8: 1 | F8: =H8/0.85 -> 4.1176471 | G8: =H8/F8 -> 0.85 | H8: 3.5 | I8: =E8*H8 -> 3.5
A9: 4 | B9: 热干面（熟） | D9: 斤 | E9: 5 | F9: =H9/0.85 -> 4.1176471 | G9: =H9/F9 -> 0.85 | H9: 3.5 | I9: =E9*H9 -> 17.5
A10: 5 | B10: 大藕 | D10: 斤 | E10: 6 | F10: =H10/0.85 -> 4.4705882 | G10: =H10/F10 -> 0.85 | H10: 3.8 | I10: =E10*H10 -> 22.8
A11: 6 | B11: 甜玉米棒 | D11: 个 | E11: 8 | F11: =H11/0.85 -> 3.5294118 | G11: =H11/F11 -> 0.85 | H11: 3 | I11: =E11*H11 -> 24
A12: 7 | B12: 西红柿 | D12: 斤 | E12: 6 | F12: =H12/0.85 -> 4.4705882 | G12: =H12/F12 -> 0.85 | H12: 3.8 | I12: =E12*H12 -> 22.8
A13: 8 | B13: 西兰花 | D13: 斤 | E13: 11.3 | F13: =H13/0.85 -> 6.8235294 | G13: =H13/F13 -> 0.85 | H13: 5.8 | I13: =E13*H13 -> 65.54
A14: 9 | B14: 黄瓜 | D14: 斤 | E14: 5 | F14: =H14/0.85 -> 4.4705882 | G14: =H14/F14 -> 0.85 | H14: 3.8 | I14: =E14*H14 -> 19
A15: 10 | B15: 老南瓜 | D15: 斤 | E15: 7.8 | F15: =H15/0.85 -> 2.9411765 | G15: =H15/F15 -> 0.85 | H15: 2.5 | I15: =E15*H15 -> 19.5
A16: 11 | B16: 口蘑 | D16: 斤 | E16: 5.5 | F16: =H16/0.85 -> 13.882353 | G16: =H16/F16 -> 0.85 | H16: 11.8 | I16: =E16*H16 -> 64.9
A17: 12 | B17: 平菇 | D17: 斤 | E17: 2 | F17: =H17/0.85 -> 9.1764706 | G17: =H17/F17 -> 0.85 | H17: 7.8 | I17: =E17*H17 -> 15.6
A18: 13 | B18: 大白菜 | D18: 斤 | E18: 8 | F18: =H18/0.85 -> 2.1176471 | G18: =H18/F18 -> 0.85 | H18: 1.8 | I18: =E18*H18 -> 14.4
A19: 14 | B19: 平包菜 | D19: 斤 | E19: 12 | F19: =H19/0.85 -> 2.3529412 | G19: =H19/F19 -> 0.85 | H19: 2 | I19: =E19*H19 -> 24
... A21: 16 | B21: 面筋 | D21: 斤 | E21: 13 | F21: =H21/0.85 -> 8 | G21: =H21/F21 -> 0.85 | H21: 6.8 | I21: =E21*H21 -> 88.4
A22: 17 | B22: 红壳鸡蛋 | C22: 12板/件 | D22: 件 | E22: 1 | F22: =H22/0.85 -> 352.94118 | G22: =H22/F22 -> 0.85 | H22: 300 | I22: =E22*H22 -> 300
A23: 18 | B23: 【鲜】五花肉沫 | D23: 斤 | E23: 2 | F23: =H23/0.85 -> 16.235294 | G23: =H23/F23 -> 0.85 | H23: 13.8 | I23: =E23*H23 -> 27.6
A24: 19 | B24: 【鲜】净大草鱼 | D24: 斤 | E24: 13.5 | F24: =H24/0.85 -> 16.235294 | G24: =H24/F24 -> 0.85 | H24: 13.8 | I24: =E24*H24 -> 186.3
A25: 20 | B25: 思念白糯小汤圆（无馅） | C25: 500g*20包/件 | D25: 袋 | E25: 11 | F25: =H25/0.85 -> 10.588235 | G25: =H25/F25 -> 0.85 | H25: 9 | I25: =E25*H25 -> 99
A26: 21 | B26: 安琪油条脆皮粉 | D26: 袋 | E26: 20 | F26: =H26/0.85 -> 7.6470588 | G26: =H26/F26 -> 0.85 | H26: 6.5 | I26: =E26*H26 -> 130
A27: 22 | B27: 南德调味料 | C27: 150g*46袋 | D27: 袋 | E27: 2 | F27: =H27/0.85 -> 8 | G27: =H27/F27 -> 0.85 | H27: 6.8 | I27: =E27*H27 -> 13.6
A28: 23 | B28: 孝感米酒900g | C28: 900g*6瓶/件 | D28: 瓶 | E28: 6 | F28: =H28/0.85 -> 10 | G28: =H28/F28 -> 0.85 | H28: 8.5 | I28: =E28*H28 -> 51
A29: 24 | B29: 1911老酸奶 | D29: 杯 | E29: 48 | F29: =H29/0.85 -> 4.1176471 | G29: =H29/F29 -> 0.85 | H29: 3.5 | I29: =E29*H29 -> 168
A30: 25 | B30: 光明健能酸奶180g | C30: 180g | D30: 杯 | E30: 7 | F30: =H30/0.85 -> 4.1176471 | G30: =H30/F30 -> 0.85 | H30: 3.5 | I30: =E30*H30 -> 24.5
A31: 26
A32: 27
A33: 供货合计: | B33: =SUM(I6:I32) -> 1452.34
A34: 金额大写： | B34: =B33 -> 1452.34
A35: 制表人 ：樊君丽 收货人： 送货人：

Sheet 13
A1: 武汉康恩农贸发展有限公司送货单
A3: 收货单位： | B3: 汉南数智化检测分公司
A4: 配送日期： | B4: 45243
A5: 序号 | B5: 名称 | C5: 规格 | D5: 单位 | E5: 数量 | F5: 超市价格 | G5: 折扣率 | H5: 折后价 | I5: 折后金额 | J5: 备注
A6: 1 | B6: （新鲜）河粉 | D6: 斤 | E6: 7 | F6: =H6/0.85 -> 3.5294118 | G6: =H6/F6 -> 0.85 | H6: 3 | I6: =E6*H6 -> 21
A7: 2 | B7: 馄饨皮 | D7: 斤 | E7: 2 | F7: =H7/0.85 -> 4.1176471 | G7: =H7/F7 -> 0.85 | H7: 3.5 | I7: =E7*H7 -> 7
A8: 3 | B8: 饺子皮 | D8: 斤 | E8: 3 | F8: =H8/0.85 -> 4.1176471 | G8: =H8/F8 -> 0.85 | H8: 3.5 | I8: =E8*H8 -> 10.5
A9: 4 | B9: 热干面（熟） | D9: 斤 | E9: 5 | F9: =H9/0.85 -> 4.1176471 | G9: =H9/F9 -> 0.85 | H9: 3.5 | I9: =E9*H9 -> 17.5
A10: 5 | B10: 烧麦皮 | D10: 斤 | E10: 3 | F10: =H10/0.85 -> 4.1176471 | G10: =H10/F10 -> 0.85 | H10: 3.5 | I10: =E10*H10 -> 10.5
A11: 6 | B11: 小葱 | D11: 斤 | E11: 2 | F11: =H11/0.85 -> 8 | G11: =H11/F11 -> 0.85 | H11: 6.8 | I11: =E11*H11 -> 13.6
A12: 7 | B12: 四季豆 | D12: 斤 | E12: 13 | F12: =H12/0.85 -> 10 | G12: =H12/F12 -> 0.85 | H12: 8.5 | I12: =E12*H12 -> 110.5
A13: 8 | B13: 红椒 | D13: 斤 | E13: 3 | F13: =H13/0.85 -> 8.8235294 | G13: =H13/F13 -> 0.85 | H13: 7.5 | I13: =E13*H13 -> 22.5
A14: 9 | B14: 芜湖青椒 | D14: 斤 | E14: 3 | F14: =H14/0.85 -> 4.7058824 | G14: =H14/F14 -> 0.85 | H14: 4 | I14: =E14*H14 -> 12
A15: 10 | B15: 金针菇 | D15: 斤 | E15: 6 | F15: =H15/0.85 -> 6.8235294 | G15: =H15/F15 -> 0.85 | H15: 5.8 | I15: =E15*H15 -> 34.8
A16: 11 | B16: 生菜 | D16: 斤 | E16: 14.3 | F16: =H16/0.85 -> 5.6470588 | G16: =H16/F16 -> 0.85 | H16: 4.8 | I16: =E16*H16 -> 68.64
A17: 12 | B17: 细土芹 | D17: 斤 | E17: 3 | F17: =H17/0.85 -> 5.6470588 | G17: =H17/F17 -> 0.85 | H17: 4.8 | I17: =E17*H17 -> 14.4
... A21: 16 | B21: 【鲜】净牛蛙 | D21: 斤 | E21: 15 | F21: =H21/0.85 -> 32.941176 | G21: =H21/F21 -> 0.85 | H21: 28 | I21: =E21*H21 -> 420
A22: 17 | B22: 劲宝超级生粉 | C22: 5kg | D22: 袋 | E22: 1 | F22: =H22/0.85 -> 97.647059 | G22: =H22/F22 -> 0.85 | H22: 83 | I22: =E22*H22 -> 83
A23: 18 | B23: 云鹤精制碘盐 | C23: 500g*50袋/件 | D23: 袋 | E23: 10 | F23: =H23/0.85 -> 2.3529412 | G23: =H23/F23 -> 0.85 | H23: 2 | I23: =E23*H23 -> 20
A24: 19 | B24: 永超榨菜 | C24: 8斤 | D24: 件 | E24: 1 | F24: =H24/0.85 -> 64.705882 | G24: =H24/F24 -> 0.85 | H24: 55 | I24: =E24*H24 -> 55
A25: 20 | B25: 1911老酸奶 | D25: 杯 | E25: 55 | F25: =H25/0.85 -> 4.1176471 | G25: =H25/F25 -> 0.85 | H25: 3.5 | I25: =E25*H25 -> 192.5
A26: 21 | B26: 卤牛肉 | D26: 斤 | E26: 5 | F26: =H26/0.85 -> 103.52941 | G26: =H26/F26 -> 0.85 | H26: 88 | I26: =E26*H26 -> 440
A27: 22
A28: 23
A29: 24
A30: 25
A31: 26
A32: 27
A33: 28
A34: 供货合计: | B34: =SUM(I6:I33) -> 1721.14
A35: 金额大写： | B35: =B34 -> 1721.14
A36: 制表人 ：樊君丽 收货人： 送货人：

Sheet 14
A1: 武汉康恩农贸发展有限公司送货单
A3: 收货单位： | B3: 汉南数智化检测分公司
A4: 配送日期： | B4: 45244
A5: 序号 | B5: 名称 | C5: 规格 | D5: 单位 | E5: 数量 | F5: 超市价格 | G5: 折扣率 | H5: 折后价 | I5: 折后金额 | J5: 备注
A6: 1 | B6: （新鲜）河粉 | D6: 斤 | E6: 7 | F6: =H6/0.85 -> 3.5294118 | G6: =H6/F6 -> 0.85 | H6: 3 | I6: =E6*H6 -> 21
A7: 2 | B7: 大圆皮 | D7: 斤 | E7: 3 | F7: =H7/0.85 -> 4.7058824 | G7: =H7/F7 -> 0.85 | H7: 4 | I7: =E7*H7 -> 12
A8: 3 | B8: 干细粉 | C8: 散称 | D8: 斤 | E8: 6 | F8: =H8/0.85 -> 4.1176471 | G8: =H8/F8 -> 0.85 | H8: 3.5 | I8: =E8*H8 -> 21
A9: 4 | B9: 热干面（熟） | D9: 斤 | E9: 5 | F9: =H9/0.85 -> 4.1176471 | G9: =H9/F9 -> 0.85 | H9: 3.5 | I9: =E9*H9 -> 17.5
A10: 5 | B10: 大土豆 | D10: 斤 | E10: 20 | F10: =H10/0.85 -> 4.1176471 | G10: =H10/F10 -> 0.85 | H10: 3.5 | I10: =E10*H10 -> 70
A11: 6 | B11: 甜玉米棒 | D11: 个 | E11: 8 | F11: =H11/0.85 -> 3.5294118 | G11: =H11/F11 -> 0.85 | H11: 3 | I11: =E11*H11 -> 24
A12: 7 | B12: 紫长茄子（细长） | D12: 斤 | E12: 13 | F12: =H12/0.85 -> 4.4705882 | G12: =H12/F12 -> 0.85 | H12: 3.8 | I12: =E12*H12 -> 49.4
A13: 8 | B13: 冬瓜 | D13: 斤 | E13: 8 | F13: =H13/0.85 -> 2.9411765 | G13: =H13/F13 -> 0.85 | H13: 2.5 | I13: =E13*H13 -> 20
A14: 9 | B14: 净莴苣 | D14: 斤 | E14: 6 | F14: =H14/0.85 -> 6.8235294 | G14: =H14/F14 -> 0.85 | H14: 5.8 | I14: =E14*H14 -> 34.8
A15: 10 | B15: 笋瓜 | D15: 斤 | E15: 13.3 | F15: =H15/0.85 -> 4.1176471 | G15: =H15/F15 -> 0.85 | H15: 3.5 | I15: =E15*H15 -> 46.55
A16: 11 | B16: 韭菜 | D16: 斤 | E16: 3 | F16: =H16/0.85 -> 5.6470588 | G16: =H16/F16 -> 0.85 | H16: 4.8 | I16: =E16*H16 -> 14.4
A17: 12 | B17: 平包菜 | D17: 斤 | E17: 13 | F17: =H17/0.85 -> 2.3529412 | G17: =H17/F17 -> 0.85 | H17: 2 | I17: =E17*H17 -> 26
A18: 13 | B18: 【鲜】五花肉沫 | D18: 斤 | E18: 5 | F18: =H18/0.85 -> 16.235294 | G18: =H18/F18 -> 0.85 | H18: 13.8 | I18: =E18*H18 -> 69
A19: 14 | B19: 【鲜】猪脚 | D19: 斤 | E19: 15 | F19: =H19/0.85 -> 32.941176 | G19: =H19/F19 -> 0.85 | H19: 28 | I19: =E19*H19 -> 420
A20: 15 | B20: 【鲜】猪五花肉片 | D20: 斤 | E20: 5 | F20: =H20/0.85 -> 19.764706 | G20: =H20/F20 -> 0.85 | H20: 16.8 | I20: =E20*H20 -> 84
A21: 16 | B21: 爆浆糍粑 | C21: 300克 | D21: 袋 | E21: 20 | F21: =H21/0.85 -> 10.588235 | G21: =H21/F21 -> 0.85 | H21: 9 | I21: =E21*H21 -> 180
A22: 17 | B22: 水塔陈醋 | D22: 件 | E22: 1 | F22: =H22/0.85 -> 76.470588 | G22: =H22/F22 -> 0.85 | H22: 65 | I22: =E22*H22 -> 65
A23: 18 | B23: 鑫海贸紫菜50g | C23: 50g*48包 | D23: 包 | E23: 10 | F23: =H23/0.85 -> 8 | G23: =H23/F23 -> 0.85 | H23: 6.8 | I23: =E23*H23 -> 68
A24: 19 | B24: 1911老酸奶 | D24: 杯 | E24: 48 | F24: =H24/0.85 -> 4.1176471 | G24: =H24/F24 -> 0.85 | H24: 3.5 | I24: =E24*H24 -> 168
A25: 20 | B25: 光明健能酸奶180g | C25: 180g | D25: 杯 | E25: 2 | F25: =H25/0.85 -> 4.1176471 | G25: =H25/F25 -> 0.85 | H25: 3.5 | I25: =E25*H25 -> 7
A26: 21
A27: 22
A28: 23
A29: 24
A30: 25
A31: 26
A32: 27
A33: 供货合计: | B33: =SUM(I6:I32) -> 1417.65
A34: 金额大写： | B34: =B33 -> 1417.65
A35: 制表人 ：樊君丽 收货人： 送货人：

Sheet 15
A1: 武汉康恩农贸发展有限公司送货单
A3: 收货单位： | B3: 汉南数智化检测分公司
A4: 配送日期： | B4: 45245
A5: 序号 | B5: 名称 | C5: 规格 | D5: 单位 | E5: 数量 | F5: 超市价格 | G5: 折扣率 | H5: 折后价 | I5: 折后金额 | J5: 备注
A6: 1 | B6: 金龙鱼玉米油 | C6: 5L*4壶/件 | D6: 件 | E6: 2 | F6: =H6/0.85 -> 411.76471 | G6: =H6/F6 -> 0.85 | H6: 350 | I6: =E6*H6 -> 700
A7: 2 | B7: （新鲜）河粉 | D7: 斤 | E7: 7 | F7: =H7/0.85 -> 3.5294118 | G7: =H7/F7 -> 0.85 | H7: 3 | I7: =E7*H7 -> 21
A8: 3 | B8: 饺子皮 | D8: 斤 | E8: 5 | F8: =H8/0.85 -> 4.1176471 | G8: =H8/F8 -> 0.85 | H8: 3.5 | I8: =E8*H8 -> 17.5
A9: 4 | B9: 热干面（熟） | D9: 斤 | E9: 5 | F9: =H9/0.85 -> 4.1176471 | G9: =H9/F9 -> 0.85 | H9: 3.5 | I9: =E9*H9 -> 17.5
A10: 5 | B10: 生面窝浆 | D10: 斤 | E10: 4 | F10: =H10/0.85 -> 7.0588235 | G10: =H10/F10 -> 0.85 | H10: 6 | I10: =E10*H10 -> 24
A11: 6 | B11: 大藕 | D11: 斤 | E11: 8 | F11: =H11/0.85 -> 4.4705882 | G11: =H11/F11 -> 0.85 | H11: 3.8 | I11: =E11*H11 -> 30.4
A12: 7 | B12: 红椒 | D12: 斤 | E12: 3 | F12: =H12/0.85 -> 8.8235294 | G12: =H12/F12 -> 0.85 | H12: 7.5 | I12: =E12*H12 -> 22.5
A13: 8 | B13: 芜湖青椒 | D13: 斤 | E13: 3 | F13: =H13/0.85 -> 4.7058824 | G13: =H13/F13 -> 0.85 | H13: 4 | I13: =E13*H13 -> 12
A14: 9 | B14: 西红柿 | D14: 斤 | E14: 2 | F14: =H14/0.85 -> 4.4705882 | G14: =H14/F14 -> 0.85 | H14: 3.8 | I14: =E14*H14 -> 7.6
A15: 10 | B15: 鲜香菇 | D15: 斤 | E15: 5 | F15: =H15/0.85 -> 11.529412 | G15: =H15/F15 -> 0.85 | H15: 9.8 | I15: =E15*H15 -> 49
A16: 11 | B16: 大白菜 | D16: 斤 | E16: 13 | F16: =H16/0.85 -> 2.1176471 | G16: =H16/F16 -> 0.85 | H16: 1.8 | I16: =E16*H16 -> 23.4
A17: 12 | B17: 细土芹 | D17: 斤 | E17: 4.7 | F17: =H17/0.85 -> 5.6470588 | G17: =H17/F17 -> 0.85 | H17: 4.8 | I17: =E17*H17 -> 22.56
A18: 13 | B18: 厚干子 | D18: 斤 | E18: 7 | F18: =H18/0.85 -> 8 | G18: =H18/F18 -> 0.85 | H18: 6.8 | I18: =E18*H18 -> 47.6
... A20: 15 | B20: 【鲜】猪通排骨 | D20: 斤 | E20: 8 | F20: =H20/0.85 -> 32.941176 | G20: =H20/F20 -> 0.85 | H20: 28 | I20: =E20*H20 -> 224
A21: 16 | B21: 虾皮 | C21: 散称 | D21: 斤 | E21: 1 | F21: =H21/0.85 -> 29.411765 | G21: =H21/F21 -> 0.85 | H21: 25 | I21: =E21*H21 -> 25
A22: 17 | B22: 大桥鸡精900g | C22: 900g*10袋/件 | D22: 件 | E22: 1 | F22: =H22/0.85 -> 411.76471 | G22: =H22/F22 -> 0.85 | H22: 350 | I22: =E22*H22 -> 350
A23: 18 | B23: 1911老酸奶 | D23: 杯 | E23: 30 | F23: =H23/0.85 -> 4.1176471 | G23: =H23/F23 -> 0.85 | H23: 3.5 | I23: =E23*H23 -> 105
A24: 19
A25: 20
A26: 21
A27: 22
A28: 23
A29: 24
A30: 25
A31: 26
A32: 27
A33: 28
A34: 供货合计: | B34: =SUM(I6:I33) -> 1943.26
A35: 金额大写： | B35: =B34 -> 1943.26
A36: 制表人 ：樊君丽 收货人： 送货人：

Sheet 16
A1: 武汉康恩农贸发展有限公司送货单
A3: 收货单位： | B3: 汉南数智化检测分公司
A4: 配送日期： | B4: 45246
A5: 序号 | B5: 名称 | C5: 规格 | D5: 单位 | E5: 数量 | F5: 超市价格 | G5: 折扣率 | H5: 折后价 | I5: 折后金额 | J5: 备注
A6: 1 | B6: （新鲜）河粉 | D6: 斤 | E6: 7 | F6: =H6/0.85 -> 3.5294118 | G6: =H6/F6 -> 0.85 | H6: 3 | I6: =E6*H6 -> 21
A7: 2 | B7: 饺子皮 | D7: 斤 | E7: 4 | F7: =H7/0.85 -> 4.1176471 | G7: =H7/F7 -> 0.85 | H7: 3.5 | I7: =E7*H7 -> 14
A8: 3 | B8: 热干面（熟） | D8: 斤 | E8: 7 | F8: =H8/0.85 -> 4.1176471 | G8: =H8/F8 -> 0.85 | H8: 3.5 | I8: =E8*H8 -> 24.5
A9: 4 | B9: 生姜 | D9: 斤 | E9: 5 | F9: =H9/0.85 -> 15.058824 | G9: =H9/F9 -> 0.85 | H9: 12.8 | I9: =E9*H9 -> 64
A10: 5 | B10: 青豆角 | D10: 斤 | E10: 7 | F10: =H10/0.85 -> 6.8235294 | G10: =H10/F10 -> 0.85 | H10: 5.8 | I10: =E10*H10 -> 40.6
A11: 6 | B11: 红椒 | D11: 斤 | E11: 3 | F11: =H11/0.85 -> 8.8235294 | G11: =H11/F11 -> 0.85 | H11: 7.5 | I11: =E11*H11 -> 22.5
A12: 7 | B12: 甜玉米棒 | D12: 个 | E12: 15 | F12: =H12/0.85 -> 3.5294118 | G12: =H12/F12 -> 0.85 | H12: 3 | I12: =E12*H12 -> 45
A13: 8 | B13: 芜湖青椒 | D13: 斤 | E13: 3 | F13: =H13/0.85 -> 4.7058824 | G13: =H13/F13 -> 0.85 | H13: 4 | I13: =E13*H13 -> 12
A14: 9 | B14: 西红柿 | D14: 斤 | E14: 5 | F14: =H14/0.85 -> 4.4705882 | G14: =H14/F14 -> 0.85 | H14: 3.8 | I14: =E14*H14 -> 19
A15: 10 | B15: 有机花菜 | D15: 斤 | E15: 13 | F15: =H15/0.85 -> 5.2941176 | G15: =H15/F15 -> 0.85 | H15: 4.5 | I15: =E15*H15 -> 58.5
A16: 11 | B16: 紫长茄子（细长） | D16: 斤 | E16: 7 | F16: =H16/0.85 -> 4.4705882 | G16: =H16/F16 -> 0.85 | H16: 3.8 | I16: =E16*H16 -> 26.6
A17: 12 | B17: 平菇 | D17: 斤 | E17: 2 | F17: =H17/0.85 -> 9.1764706 | G17: =H17/F17 -> 0.85 | H17: 7.8 | I17: =E17*H17 -> 15.6
... A21: 16 | B21: 卤牛肚 | D21: 斤 | E21: 3 | F21: =H21/0.85 -> 103.52941 | G21: =H21/F21 -> 0.85 | H21: 88 | I21: =E21*H21 -> 264
A22: 17 | B22: 海天精制蚝油6kg | C22: 6kg*2桶 | D22: 桶 | E22: 1 | F22: =H22/0.85 -> 48.823529 | G22: =H22/F22 -> 0.85 | H22: 41.5 | I22: =E22*H22 -> 41.5
A23: 18 | B23: 合鑫泰东北珍珠香米 | C23: 25kg/包 | D23: 袋 | E23: 2 | F23: =H23/0.85 -> 205.88235 | G23: =H23/F23 -> 0.85 | H23: 175 | I23: =E23*H23 -> 350
A24: 19 | B24: 正和珍珠糯米 | C24: 50斤/袋 | D24: 斤 | E24: 4 | F24: =H24/0.85 -> 5.7647059 | G24: =H24/F24 -> 0.85 | H24: 4.9 | I24: =E24*H24 -> 19.6
A25: 20 | B25: 1911老酸奶 | D25: 杯 | E25: 55 | F25: =H25/0.85 -> 4.1176471 | G25: =H25/F25 -> 0.85 | H25: 3.5 | I25: =E25*H25 -> 192.5
A26: 21
A27: 22
A28: 23
A29: 24
A30: 25
A31: 26
A32: 27
A33: 供货合计: | B33: =SUM(I6:I32) -> 1940.4
A34: 金额大写： | B34: =B33 -> 1940.4
A35: 制表人 ：樊君丽 收货人： 送货人：

Sheet 17
A1: 武汉康恩农贸发展有限公司送货单
A3: 收货单位： | B3: 汉南数智化检测分公司
A4: 配送日期： | B4: 45247
A5: 序号 | B5: 名称 | C5: 规格 | D5: 单位 | E5: 数量 | F5: 超市价格 | G5: 折扣率 | H5: 折后价 | I5: 折后金额 | J5: 备注
A6: 1 | B6: （新鲜）河粉 | D6: 斤 | E6: 2 | F6: =H6/0.85 -> 3.5294118 | G6: =H6/F6 -> 0.85 | H6: 3 | I6: =E6*H6 -> 6
A7: 2 | B7: 馄饨皮 | D7: 斤 | E7: 1 | F7: =H7/0.85 -> 4.1176471 | G7: =H7/F7 -> 0.85 | H7: 3.5 | I7: =E7*H7 -> 3.5
A8: 3 | B8: 热干面（熟） | D8: 斤 | E8: 3 | F8: =H8/0.85 -> 4.1176471 | G8: =H8/F8 -> 0.85 | H8: 3.5 | I8: =E8*H8 -> 10.5
A9: 4 | B9: 大藕 | D9: 斤 | E9: 6 | F9: =H9/0.85 -> 4.4705882 | G9: =H9/F9 -> 0.85 | H9: 3.8 | I9: =E9*H9 -> 22.8
A10: 5 | B10: 大土豆 | D10: 斤 | E10: 15 | F10: =H10/0.85 -> 4.1176471 | G10: =H10/F10 -> 0.85 | H10: 3.5 | I10: =E10*H10 -> 52.5
A11: 6 | B11: 红椒 | D11: 斤 | E11: 2 | F11: =H11/0.85 -> 8.8235294 | G11: =H11/F11 -> 0.85 | H11: 7.5 | I11: =E11*H11 -> 15
A12: 7 | B12: 芜湖青椒 | D12: 斤 | E12: 4 | F12: =H12/0.85 -> 4.7058824 | G12: =H12/F12 -> 0.85 | H12: 4 | I12: =E12*H12 -> 16
A13: 8 | B13: 黄瓜 | D13: 斤 | E13: 5 | F13: =H13/0.85 -> 4.4705882 | G13: =H13/F13 -> 0.85 | H13: 3.8 | I13: =E13*H13 -> 19
A14: 9 | B14: 平菇 | D14: 斤 | E14: 1 | F14: =H14/0.85 -> 9.1764706 | G14: =H14/F14 -> 0.85 | H14: 7.8 | I14: =E14*H14 -> 7.8
A15: 10 | B15: 韭菜 | D15: 斤 | E15: 6 | F15: =H15/0.85 -> 5.6470588 | G15: =H15/F15 -> 0.85 | H15: 4.8 | I15: =E15*H15 -> 28.8
A16: 11 | B16: 上海青（大颗） | D16: 斤 | E16: 12 | F16: =H16/0.85 -> 4.1176471 | G16: =H16/F16 -> 0.85 | H16: 3.5 | I16: =E16*H16 -> 42
A17: 12 | B17: 熟鹌鹑蛋 | D17: 斤 | E17: 4 | F17: =H17/0.85 -> 16.235294 | G17: =H17/F17 -> 0.85 | H17: 13.8 | I17: =E17*H17 -> 55.2
A18: 13 | B18: 【鲜】精品五花 | D18: 斤 | E18: 12 | F18: =H18/0.85 -> 22.941176 | G18: =H18/F18 -> 0.85 | H18: 19.5 | I18: =E18*H18 -> 234
A19: 14 | B19: 华英鸭血 | C19: 300g | D19: 盒 | E19: 13 | F19: =H19/0.85 -> 2.3529412 | G19: =H19/F19 -> 0.85 | H19: 2 | I19: =E19*H19 -> 26
A20: 15 | B20: 1911老酸奶 | D20: 杯 | E20: 35 | F20: =H20/0.85 -> 4.1176471 | G20: =H20/F20 -> 0.85 | H20: 3.5 | I20: =E20*H20 -> 122.5
A21: 16
A22: 17
A23: 18
A24: 19
A25: 20
A26: 21
A27: 22
A28: 23
A29: 24
A30: 25
A31: 26
A32: 27
A33: 28
A34: 供货合计: | B34: =SUM(I6:I33) -> 661.6
A35: 金额大写： | B35: =B34 -> 661.6
A36: 制表人 ：樊君丽 收货人： 送货人：

Sheet 20.
A1: 武汉康恩农贸发展有限公司送货单
A3: 收货单位： | B3: 汉南数智化检测分公司
A4: 配送日期： | B4: 45250
A5: 序号 | B5: 名称 | C5: 规格 | D5: 单位 | E5: 数量 | F5: 超市价格 | G5: 折扣率 | H5: 折后价 | I5: 折后金额 | J5: 备注
A6: 1 | B6: （新鲜）河粉 | D6: 斤 | E6: 8 | F6: =H6/0.85 -> 3.5294118 | G6: =H6/F6 -> 0.85 | H6: 3 | I6: =E6*H6 -> 24
A7: 2 | B7: 馄饨皮 | D7: 斤 | E7: 2 | F7: =H7/0.85 -> 4.1176471 | G7: =H7/F7 -> 0.85 | H7: 3.5 | I7: =E7*H7 -> 7
A8: 3 | B8: 热干面（熟） | D8: 斤 | E8: 7 | F8: =H8/0.85 -> 4.1176471 | G8: =H8/F8 -> 0.85 | H8: 3.5 | I8: =E8*H8 -> 24.5
A9: 4 | B9: 烧麦皮 | D9: 斤 | E9: 2 | F9: =H9/0.85 -> 4.1176471 | G9: =H9/F9 -> 0.85 | H9: 3.5 | I9: =E9*H9 -> 7
A10: 5 | B10: 红椒 | D10: 斤 | E10: 3 | F10: =H10/0.85 -> 8.8235294 | G10: =H10/F10 -> 0.85 | H10: 7.5 | I10: =E10*H10 -> 22.5
A11: 6 | B11: 胡萝卜 | D11: 斤 | E11: 5 | F11: =H11/0.85 -> 2.9411765 | G11: =H11/F11 -> 0.85 | H11: 2.5 | I11: =E11*H11 -> 12.5
A12: 7 | B12: 甜玉米棒 | D12: 个 | E12: 8 | F12: =H12/0.85 -> 3.5294118 | G12: =H12/F12 -> 0.85 | H12: 3 | I12: =E12*H12 -> 24
A13: 8 | B13: 芜湖青椒 | D13: 斤 | E13: 3 | F13: =H13/0.85 -> 4.7058824 | G13: =H13/F13 -> 0.85 | H13: 4 | I13: =E13*H13 -> 12
A14: 9 | B14: 西红柿 | D14: 斤 | E14: 5 | F14: =H14/0.85 -> 4.4705882 | G14: =H14/F14 -> 0.85 | H14: 3.8 | I14: =E14*H14 -> 19
A15: 10 | B15: 黄瓜 | D15: 斤 | E15: 8 | F15: =H15/0.85 -> 4.4705882 | G15: =H15/F15 -> 0.85 | H15: 3.8 | I15: =E15*H15 -> 30.4
A16: 11 | B16: 韭菜 | D16: 斤 | E16: 3 | F16: =H16/0.85 -> 5.6470588 | G16: =H16/F16 -> 0.85 | H16: 4.8 | I16: =E16*H16 -> 14.4
A17: 12 | B17: 平包菜 | D17: 斤 | E17: 15 | F17: =H17/0.85 -> 2.3529412 | G17: =H17/F17 -> 0.85 | H17: 2 | I17: =E17*H17 -> 30
... A19: 14 | B19: 厚干子 | D19: 斤 | E19: 8 | F19: =H19/0.85 -> 8 | G19: =H19/F19 -> 0.85 | H19: 6.8 | I19: =E19*H19 -> 54.4
A20: 15 | B20: 红壳鸡蛋 | C20: 12板/件 | D20: 件 | E20: 1 | F20: =H20/0.85 -> 352.94118 | G20: =H20/F20 -> 0.85 | H20: 300 | I20: =E20*H20 -> 300
A21: 16 | B21: 鲜羊肉（纯肉去骨） | D21: 斤 | E21: 10 | F21: =H21/0.85 -> 68.235294 | G21: =H21/F21 -> 0.85 | H21: 58 | I21: =E21*H21 -> 580
A22: 17 | B22: 【鲜】五花肉沫 | D22: 斤 | E22: 7 | F22: =H22/0.85 -> 16.235294 | G22: =H22/F22 -> 0.85 | H22: 13.8 | I22: =E22*H22 -> 96.6
A23: 18 | B23: 【鲜】猪瘦肉丝 | D23: 斤 | E23: 10 | F23: =H23/0.85 -> 23.529412 | G23: =H23/F23 -> 0.85 | H23: 20 | I23: =E23*H23 -> 200
A24: 19 | B24: 干黑木耳 | C24: 散称 | D24: 斤 | E24: 5 | F24: =H24/0.85 -> 68.235294 | G24: =H24/F24 -> 0.85 | H24: 58 | I24: =E24*H24 -> 290
A25: 20 | B25: 红豆 | D25: 斤 | E25: 5 | F25: =H25/0.85 -> 13.882353 | G25: =H25/F25 -> 0.85 | H25: 11.8 | I25: =E25*H25 -> 59
A26: 21 | B26: 黑豆 | C26: 散称 | D26: 斤 | E26: 5 | F26: =H26/0.85 -> 8 | G26: =H26/F26 -> 0.85 | H26: 6.8 | I26: =E26*H26 -> 34
A27: 22 | B27: 1911老酸奶 | D27: 杯 | E27: 50 | F27: =H27/0.85 -> 4.1176471 | G27: =H27/F27 -> 0.85 | H27: 3.5 | I27: =E27*H27 -> 175
A28: 23
A29: 24
A30: 25
A31: 26
A32: 27
A33: 28
A34: 供货合计: | B34: =SUM(I6:I33) -> 2035.5
A35: 金额大写： | B35: =B34 -> 2035.5
A36: 制表人 ：樊君丽 收货人： 送货人：

Sheet 21.
A1: 武汉康恩农贸发展有限公司送货单
A3: 收货单位： | B3: 汉南数智化检测分公司
A4: 配送日期： | B4: 45251
A5: 序号 | B5: 名称 | C5: 规格 | D5: 单位 | E5: 数量 | F5: 超市价格 | G5: 折扣率 | H5: 折后价 | I5: 折后金额 | J5: 备注
A6: 1 | B6: （新鲜）河粉 | D6: 斤 | E6: 4 | F6: =H6/0.85 -> 3.5294118 | G6: =H6/F6 -> 0.85 | H6: 3 | I6: =E6*H6 -> 12
A7: 2 | B7: 饺子皮 | D7: 斤 | E7: 5 | F7: =H7/0.85 -> 4.1176471 | G7: =H7/F7 -> 0.85 | H7: 3.5 | I7: =E7*H7 -> 17.5
A8: 3 | B8: 热干面（熟） | D8: 斤 | E8: 4 | F8: =H8/0.85 -> 4.1176471 | G8: =H8/F8 -> 0.85 | H8: 3.5 | I8: =E8*H8 -> 14
A9: 4 | B9: 小葱 | D9: 斤 | E9: 1 | F9: =H9/0.85 -> 8 | G9: =H9/F9 -> 0.85 | H9: 6.8 | I9: =E9*H9 -> 6.8
A10: 5 | B10: 板栗米 | D10: 斤 | E10: 7 | F10: =H10/0.85 -> 21.176471 | G10: =H10/F10 -> 0.85 | H10: 18 | I10: =E10*H10 -> 126
A11: 6 | B11: 大红薯 | D11: 斤 | E11: 10 | F11: =H11/0.85 -> 4.1176471 | G11: =H11/F11 -> 0.85 | H11: 3.5 | I11: =E11*H11 -> 35
A12: 7 | B12: 大藕 | D12: 斤 | E12: 15 | F12: =H12/0.85 -> 4.4705882 | G12: =H12/F12 -> 0.85 | H12: 3.8 | I12: =E12*H12 -> 57
A13: 8 | B13: 红椒 | D13: 斤 | E13: 2 | F13: =H13/0.85 -> 8.8235294 | G13: =H13/F13 -> 0.85 | H13: 7.5 | I13: =E13*H13 -> 15
A14: 9 | B14: 蒜苗 | D14: 斤 | E14: 12 | F14: =H14/0.85 -> 11.529412 | G14: =H14/F14 -> 0.85 | H14: 9.8 | I14: =E14*H14 -> 117.6
A15: 10 | B15: 芜湖青椒 | D15: 斤 | E15: 2 | F15: =H15/0.85 -> 4.7058824 | G15: =H15/F15 -> 0.85 | H15: 4 | I15: =E15*H15 -> 8
A16: 11 | B16: 平菇 | D16: 斤 | E16: 4 | F16: =H16/0.85 -> 9.1764706 | G16: =H16/F16 -> 0.85 | H16: 7.8 | I16: =E16*H16 -> 31.2
A17: 12 | B17: 菠菜 | D17: 斤 | E17: 13 | F17: =H17/0.85 -> 5.6470588 | G17: =H17/F17 -> 0.85 | H17: 4.8 | I17: =E17*H17 -> 62.4
... A21: 16 | B21: 【鲜】净大草鱼 | D21: 斤 | E21: 13.5 | F21: =H21/0.85 -> 16.235294 | G21: =H21/F21 -> 0.85 | H21: 13.8 | I21: =E21*H21 -> 186.3
A22: 17 | B22: 干红枣片 | C22: 散称 | D22: 斤 | E22: 5 | F22: =H22/0.85 -> 18.823529 | G22: =H22/F22 -> 0.85 | H22: 16 | I22: =E22*H22 -> 80
A23: 18 | B23: 干辣椒节 | C23: 散称 | D23: 斤 | E23: 5 | F23: =H23/0.85 -> 30.588235 | G23: =H23/F23 -> 0.85 | H23: 26 | I23: =E23*H23 -> 130
A24: 19 | B24: 五色糙米 | D24: 斤 | E24: 4 | F24: =H24/0.85 -> 8.8235294 | G24: =H24/F24 -> 0.85 | H24: 7.5 | I24: =E24*H24 -> 30
A25: 20 | B25: 惠万家烟鸭胸 | C25: 5公斤/件/（32个） | D25: 件 | E25: 3 | F25: 141.17647 | G25: 0.85 | H25: 120 | I25: =E25*H25 -> 360
A26: 21 | B26: 卤牛肉 | D26: 斤 | E26: 5 | F26: =H26/0.85 -> 103.52941 | G26: =H26/F26 -> 0.85 | H26: 88 | I26: =E26*H26 -> 440
A27: 22
A28: 23
A29: 24
A30: 25
A31: 26
A32: 27
A33: 28
A34: 供货合计: | B34: =SUM(I6:I33) -> 2069.2
A35: 金额大写： | B35: =B34 -> 2069.2
A36: 制表人 ：樊君丽 收货人： 送货人：

Sheet 22
A1: 武汉康恩农贸发展有限公司送货单
A3: 收货单位： | B3: 汉南数智化检测分公司
A4: 配送日期： | B4: 45252
A5: 序号 | B5: 名称 | C5: 规格 | D5: 单位 | E5: 数量 | F5: 超市价格 | G5: 折扣率 | H5: 折后价 | I5: 折后金额 | J5: 备注
A6: 1 | B6: （新鲜）河粉 | D6: 斤 | E6: 2 | F6: =H6/0.85 -> 3.5294118 | G6: =H6/F6 -> 0.85 | H6: 3 | I6: =E6*H6 -> 6
A7: 2 | B7: 干细粉 | C7: 散称 | D7: 斤 | E7: 6 | F7: =H7/0.85 -> 4.1176471 | G7: =H7/F7 -> 0.85 | H7: 3.5 | I7: =E7*H7 -> 21
A8: 3 | B8: 馄饨皮 | D8: 斤 | E8: 1 | F8: =H8/0.85 -> 4.1176471 | G8: =H8/F8 -> 0.85 | H8: 3.5 | I8: =E8*H8 -> 3.5
A9: 4 | B9: 热干面（熟） | D9: 斤 | E9: 5 | F9: =H9/0.85 -> 4.1176471 | G9: =H9/F9 -> 0.85 | H9: 3.5 | I9: =E9*H9 -> 17.5
A10: 5 | B10: 红皮洋葱 | D10: 斤 | E10: 7 | F10: =H10/0.85 -> 2.9411765 | G10: =H10/F10 -> 0.85 | H10: 2.5 | I10: =E10*H10 -> 17.5
A11: 6 | B11: 青杭椒 | D11: 斤 | E11: 13 | F11: =H11/0.85 -> 6.8235294 | G11: =H11/F11 -> 0.85 | H11: 5.8 | I11: =E11*H11 -> 75.4
A12: 7 | B12: 蒜米 | D12: 斤 | E12: 4 | F12: =H12/0.85 -> 9.1764706 | G12: =H12/F12 -> 0.85 | H12: 7.8 | I12: =E12*H12 -> 31.2
A13: 8 | B13: 大藕 | D13: 斤 | E13: 8 | F13: =H13/0.85 -> 4.4705882 | G13: =H13/F13 -> 0.85 | H13: 3.8 | I13: =E13*H13 -> 30.4
A14: 9 | B14: 红椒 | D14: 斤 | E14: 2 | F14: =H14/0.85 -> 8.8235294 | G14: =H14/F14 -> 0.85 | H14: 7.5 | I14: =E14*H14 -> 15
A15: 10 | B15: 蒜苗 | D15: 斤 | E15: 2 | F15: =H15/0.85 -> 11.529412 | G15: =H15/F15 -> 0.85 | H15: 9.8 | I15: =E15*H15 -> 19.6
A16: 11 | B16: 甜玉米棒 | D16: 个 | E16: 8 | F16: =H16/0.85 -> 3.5294118 | G16: =H16/F16 -> 0.85 | H16: 3 | I16: =E16*H16 -> 24
A17: 12 | B17: 净芋头 | C17: （去皮，小） | D17: 斤 | E17: 18 | F17: =H17/0.85 -> 10.352941 | G17: =H17/F17 -> 0.85 | H17: 8.8 | I17: =E17*H17 -> 158.4
A18: 13 | B18: 油麦菜 | D18: 斤 | E18: 13 | F18: =H18/0.85 -> 5.2941176 | G18: =H18/F18 -> 0.85 | H18: 4.5 | I18: =E18*H18 -> 58.5
A19: 14 | B19: 【鲜】猪瘦肉片 | D19: 斤 | E19: 6 | F19: =H19/0.85 -> 23.529412 | G19: =H19/F19 -> 0.85 | H19: 20 | I19: =E19*H19 -> 120
A20: 15 | B20: 【鲜】猪通排骨 | D20: 斤 | E20: 8 | F20: =H20/0.85 -> 32.941176 | G20: =H20/F20 -> 0.85 | H20: 28 | I20: =E20*H20 -> 224
A21: 16 | B21: 【鲜】净牛蛙 | D21: 斤 | E21: 5 | F21: =H21/0.85 -> 32.941176 | G21: =H21/F21 -> 0.85 | H21: 28 | I21: =E21*H21 -> 140
A22: 17 | B22: 公螃蟹（4两） | D22: 只 | E22: 13 | F22: =H22/0.85 -> 41.176471 | G22: =H22/F22 -> 0.85 | H22: 35 | I22: =E22*H22 -> 455
A23: 18 | B23: 神舟雪花鸡柳 | C23: 900g/袋 | D23: 袋 | E23: 2 | F23: =H23/0.85 -> 23.529412 | G23: =H23/F23 -> 0.85 | H23: 20 | I23: =E23*H23 -> 40
A24: 19 | B24: 芝麻酱 | C24: 散称 | D24: 斤 | E24: 10 | F24: =H24/0.85 -> 14.117647 | G24: =H24/F24 -> 0.85 | H24: 12 | I24: =E24*H24 -> 120
A25: 20 | B25: 正和珍珠糯米 | C25: 50斤/袋 | D25: 斤 | E25: 4 | F25: =H25/0.85 -> 5.7647059 | G25: =H25/F25 -> 0.85 | H25: 4.9 | I25: =E25*H25 -> 19.6
A26: 21 | B26: 1911老酸奶 | D26: 杯 | E26: 58 | F26: =H26/0.85 -> 4.1176471 | G26: =H26/F26 -> 0.85 | H26: 3.5 | I26: =E26*H26 -> 203
A27: 22 | B27: 卤牛肉 | D27: 斤 | E27: 3 | F27: =H27/0.85 -> 103.52941 | G27: =H27/F27 -> 0.85 | H27: 88 | I27: =E27*H27 -> 264
A28: 23
A29: 24
A30: 25
A31: 26
A32: 27
A33: 供货合计: | B33: =SUM(I6:I32) -> 2063.6
A34: 金额大写： | B34: =B33 -> 2063.6
A35: 制表人 ：樊君丽 收货人： 送货人：

Sheet 23
A1: 武汉康恩农贸发展有限公司送货单
A3: 收货单位： | B3: 汉南数智化检测分公司
A4: 配送日期： | B4: 45253
A5: 序号 | B5: 名称 | C5: 规格 | D5: 单位 | E5: 数量 | F5: 超市价格 | G5: 折扣率 | H5: 折后价 | I5: 折后金额 | J5: 备注
A6: 1 | B6: 金龙鱼玉米油 | C6: 5L*4壶/件 | D6: 件 | E6: 2 | F6: =H6/0.85 -> 411.76471 | G6: =H6/F6 -> 0.85 | H6: 350 | I6: =E6*H6 -> 700
A7: 2 | B7: （新鲜）河粉 | D7: 斤 | E7: 5 | F7: =H7/0.85 -> 3.5294118 | G7: =H7/F7 -> 0.85 | H7: 3 | I7: =E7*H7 -> 15
A8: 3 | B8: 热干面（熟） | D8: 斤 | E8: 3 | F8: =H8/0.85 -> 4.1176471 | G8: =H8/F8 -> 0.85 | H8: 3.5 | I8: =E8*H8 -> 10.5
A9: 4 | B9: 大藕 | D9: 斤 | E9: 5 | F9: =H9/0.85 -> 4.4705882 | G9: =H9/F9 -> 0.85 | H9: 3.8 | I9: =E9*H9 -> 19
A10: 5 | B10: 红椒 | D10: 斤 | E10: 3 | F10: =H10/0.85 -> 8.8235294 | G10: =H10/F10 -> 0.85 | H10: 7.5 | I10: =E10*H10 -> 22.5
A11: 6 | B11: 铁棍山药 | D11: 斤 | E11: 10 | F11: =H11/0.85 -> 10.352941 | G11: =H11/F11 -> 0.85 | H11: 8.8 | I11: =E11*H11 -> 88
A12: 7 | B12: 芜湖青椒 | D12: 斤 | E12: 3 | F12: =H12/0.85 -> 4.7058824 | G12: =H12/F12 -> 0.85 | H12: 4 | I12: =E12*H12 -> 12
A13: 8 | B13: 西红柿 | D13: 斤 | E13: 4 | F13: =H13/0.85 -> 4.4705882 | G13: =H13/F13 -> 0.85 | H13: 3.8 | I13: =E13*H13 -> 15.2
A14: 9 | B14: 平菇 | D14: 斤 | E14: 1 | F14: =H14/0.85 -> 9.1764706 | G14: =H14/F14 -> 0.85 | H14: 7.8 | I14: =E14*H14 -> 7.8
A15: 10 | B15: 上海青（小颗） | D15: 斤 | E15: 20.3 | F15: =H15/0.85 -> 2.9411765 | G15: =H15/F15 -> 0.85 | H15: 2.5 | I15: =E15*H15 -> 50.75
A16: 11 | B16: 细土芹 | D16: 斤 | E16: 6 | F16: =H16/0.85 -> 5.6470588 | G16: =H16/F16 -> 0.85 | H16: 4.8 | I16: =E16*H16 -> 28.8
A17: 12 | B17: 云南蜜桔 | D17: 斤 | E17: 19.2 | F17: =H17/0.85 -> 8 | G17: =H17/F17 -> 0.85 | H17: 6.8 | I17: =E17*H17 -> 130.56
A18: 13 | B18: 熟鹌鹑蛋 | D18: 斤 | E18: 1 | F18: =H18/0.85 -> 16.235294 | G18: =H18/F18 -> 0.85 | H18: 13.8 | I18: =E18*H18 -> 13.8
A19: 14 | B19: 【鲜】五花肉沫 | D19: 斤 | E19: 2 | F19: =H19/0.85 -> 16.235294 | G19: =H19/F19 -> 0.85 | H19: 13.8 | I19: =E19*H19 -> 27.6
A20: 15 | B20: 清水笋丝 | C20: 2.5kg*6包/件 | D20: 包 | E20: 3 | F20: =H20/0.85 -> 16.235294 | G20: =H20/F20 -> 0.85 | H20: 13.8 | I20: =E20*H20 -> 41.4
A21: 16 | B21: 坛坛乡剁椒1.15kg | C21: 1.15kg*6瓶/件 | D21: 瓶 | E21: 2 | F21: =H21/0.85 -> 19.411765 | G21: =H21/F21 -> 0.85 | H21: 16.5 | I21: =E21*H21 -> 33
A22: 17 | B22: 卤牛肚 | D22: 斤 | E22: 8 | F22: =H22/0.85 -> 103.52941 | G22: =H22/F22 -> 0.85 | H22: 88 | I22: =E22*H22 -> 704
A23: 18 | B23: 卤牛骨头 | D23: 斤 | E23: 7 | F23: =H23/0.85 -> 64.705882 | G23: =H23/F23 -> 0.85 | H23: 55 | I23: =E23*H23 -> 385
A24: 19
A25: 20
A26: 21
A27: 22
A28: 23
A29: 24
A30: 25
A31: 26
A32: 27
A33: 供货合计: | B33: =SUM(I6:I32) -> 2304.91
A34: 金额大写： | B34: =B33 -> 2304.91
A35: 制表人 ：樊君丽 收货人： 送货人：

Sheet 24
A1: 武汉康恩农贸发展有限公司送货单
A3: 收货单位： | B3: 汉南数智化检测分公司
A4: 配送日期： | B4: 45254
A5: 序号 | B5: 名称 | C5: 规格 | D5: 单位 | E5: 数量 | F5: 超市价格 | G5: 折扣率 | H5: 折后价 | I5: 折后金额 | J5: 备注
A6: 1 | B6: （新鲜）河粉 | D6: 斤 | E6: 5 | F6: =H6/0.85 -> 3.5294118 | G6: =H6/F6 -> 0.85 | H6: 3 | I6: =E6*H6 -> 15
A7: 2 | B7: 干细粉 | C7: 散称 | D7: 斤 | E7: 6 | F7: =H7/0.85 -> 4.1176471 | G7: =H7/F7 -> 0.85 | H7: 3.5 | I7: =E7*H7 -> 21
A8: 3 | B8: 馄饨皮 | D8: 斤 | E8: 1 | F8: =H8/0.85 -> 4.1176471 | G8: =H8/F8 -> 0.85 | H8: 3.5 | I8: =E8*H8 -> 3.5
A9: 4 | B9: 热干面（熟） | D9: 斤 | E9: 3 | F9: =H9/0.85 -> 4.1176471 | G9: =H9/F9 -> 0.85 | H9: 3.5 | I9: =E9*H9 -> 10.5
A10: 5 | B10: 红椒 | D10: 斤 | E10: 4 | F10: =H10/0.85 -> 8.8235294 | G10: =H10/F10 -> 0.85 | H10: 7.5 | I10: =E10*H10 -> 30
A11: 6 | B11: 青椒 | D11: 斤 | E11: 2 | F11: =H11/0.85 -> 4.1176471 | G11: =H11/F11 -> 0.85 | H11: 3.5 | I11: =E11*H11 -> 7
A12: 7 | B12: 甜玉米棒 | D12: 个 | E12: 8 | F12: =H12/0.85 -> 3.5294118 | G12: =H12/F12 -> 0.85 | H12: 3 | I12: =E12*H12 -> 24
A13: 8 | B13: 西红柿 | D13: 斤 | E13: 5 | F13: =H13/0.85 -> 4.4705882 | G13: =H13/F13 -> 0.85 | H13: 3.8 | I13: =E13*H13 -> 19
A14: 9 | B14: 黄瓜 | D14: 斤 | E14: 5 | F14: =H14/0.85 -> 4.4705882 | G14: =H14/F14 -> 0.85 | H14: 3.8 | I14: =E14*H14 -> 19
A15: 10 | B15: 老南瓜 | D15: 斤 | E15: 16 | F15: =H15/0.85 -> 2.9411765 | G15: =H15/F15 -> 0.85 | H15: 2.5 | I15: =E15*H15 -> 40
A16: 11 | B16: 小白菜 | D16: 斤 | E16: 12 | F16: =H16/0.85 -> 4.1176471 | G16: =H16/F16 -> 0.85 | H16: 3.5 | I16: =E16*H16 -> 42
A17: 12 | B17: 【鲜】五花肉沫 | D17: 斤 | E17: 3 | F17: =H17/0.85 -> 16.235294 | G17: =H17/F17 -> 0.85 | H17: 13.8 | I17: =E17*H17 -> 41.4
A18: 13 | B18: 【鲜】猪瘦肉片 | D18: 斤 | E18: 5 | F18: =H18/0.85 -> 23.529412 | G18: =H18/F18 -> 0.85 | H18: 20 | I18: =E18*H18 -> 100
A19: 14 | B19: 【鲜】猪瘦肉丝 | D19: 斤 | E19: 5 | F19: =H19/0.85 -> 23.529412 | G19: =H19/F19 -> 0.85 | H19: 20 | I19: =E19*H19 -> 100
A20: 15 | B20: 【鲜】基围虾 | D20: 斤 | E20: 12 | F20: =H20/0.85 -> 44.705882 | G20: =H20/F20 -> 0.85 | H20: 38 | I20: =E20*H20 -> 456
A21: 16 | B21: 鑫石羊郫县豆瓣酱1kg | C21: 1kg*8桶/件 | D21: 桶 | E21: 1 | F21: =H21/0.85 -> 12.941176 | G21: =H21/F21 -> 0.85 | H21: 11 | I21: =E21*H21 -> 11
A22: 17 | B22: 1911老酸奶 | D22: 杯 | E22: 40 | F22: =H22/0.85 -> 4.1176471 | G22: =H22/F22 -> 0.85 | H22: 3.5 | I22: =E22*H22 -> 140
A23: 18 | B23: 卤牛肉 | D23: 斤 | E23: 5 | F23: =H23/0.85 -> 103.52941 | G23: =H23/F23 -> 0.85 | H23: 88 | I23: =E23*H23 -> 440
A24: 19
A25: 20
A26: 21
A27: 22
A28: 23
A29: 24
A30: 25
A31: 26
A32: 27
A33: 28
A34: 供货合计: | B34: =SUM(I6:I33) -> 1519.4
A35: 金额大写： | B35: =B34 -> 1519.4
A36: 制表人 ：樊君丽 收货人： 送货人：

Sheet 27
A1: 武汉康恩农贸发展有限公司送货单
A3: 收货单位： | B3: 汉南数智化检测分公司
A4: 配送日期： | B4: 45257
A5: 序号 | B5: 名称 | C5: 规格 | D5: 单位 | E5: 数量 | F5: 超市价格 | G5: 折扣率 | H5: 折后价 | I5: 折后金额 | J5: 备注
A6: 1 | B6: （新鲜）河粉 | D6: 斤 | E6: 7 | F6: =H6/0.85 -> 3.5294118 | G6: =H6/F6 -> 0.85 | H6: 3 | I6: =E6*H6 -> 21
A7: 2 | B7: 馄饨皮 | D7: 斤 | E7: 2 | F7: =H7/0.85 -> 4.1176471 | G7: =H7/F7 -> 0.85 | H7: 3.5 | I7: =E7*H7 -> 7
A8: 3 | B8: 饺子皮 | D8: 斤 | E8: 6 | F8: =H8/0.85 -> 4.1176471 | G8: =H8/F8 -> 0.85 | H8: 3.5 | I8: =E8*H8 -> 21
A9: 4 | B9: 热干面（熟） | D9: 斤 | E9: 5 | F9: =H9/0.85 -> 4.1176471 | G9: =H9/F9 -> 0.85 | H9: 3.5 | I9: =E9*H9 -> 17.5
A10: 5 | B10: 黄豆芽 | D10: 斤 | E10: 8 | F10: =H10/0.85 -> 2.9411765 | G10: =H10/F10 -> 0.85 | H10: 2.5 | I10: =E10*H10 -> 20
A11: 6 | B11: 大红薯 | D11: 斤 | E11: 5 | F11: =H11/0.85 -> 4.1176471 | G11: =H11/F11 -> 0.85 | H11: 3.5 | I11: =E11*H11 -> 17.5
A12: 7 | B12: 红椒 | D12: 斤 | E12: 2 | F12: =H12/0.85 -> 8.8235294 | G12: =H12/F12 -> 0.85 | H12: 7.5 | I12: =E12*H12 -> 15
A13: 8 | B13: 甜玉米棒 | D13: 个 | E13: 8 | F13: =H13/0.85 -> 3.5294118 | G13: =H13/F13 -> 0.85 | H13: 3 | I13: =E13*H13 -> 24
A14: 9 | B14: 芜湖青椒 | D14: 斤 | E14: 2 | F14: =H14/0.85 -> 4.7058824 | G14: =H14/F14 -> 0.85 | H14: 4 | I14: =E14*H14 -> 8
A15: 10 | B15: 紫薯 | D15: 斤 | E15: 5 | F15: =H15/0.85 -> 6.8235294 | G15: =H15/F15 -> 0.85 | H15: 5.8 | I15: =E15*H15 -> 29
A16: 11 | B16: 鲜香菇 | D16: 斤 | E16: 2 | F16: =H16/0.85 -> 11.529412 | G16: =H16/F16 -> 0.85 | H16: 9.8 | I16: =E16*H16 -> 19.6
A17: 12 | B17: 韭菜 | D17: 斤 | E17: 7 | F17: =H17/0.85 -> 5.6470588 | G17: =H17/F17 -> 0.85 | H17: 4.8 | I17: =E17*H17 -> 33.6
... A20: 15 | B20: 【鲜】净黄骨鱼 | D20: 斤 | E20: 9.7 | F20: =H20/0.85 -> 28.235294 | G20: =H20/F20 -> 0.85 | H20: 24 | I20: =E20*H20 -> 232.8
A21: 16 | B21: 清水笋丝 | C21: 2.5kg*6包/件 | D21: 包 | E21: 2 | F21: =H21/0.85 -> 16.235294 | G21: =H21/F21 -> 0.85 | H21: 13.8 | I21: =E21*H21 -> 27.6
A22: 17 | B22: 云鹤精制碘盐 | C22: 500g*50袋/件 | D22: 袋 | E22: 10 | F22: =H22/0.85 -> 2.3529412 | G22: =H22/F22 -> 0.85 | H22: 2 | I22: =E22*H22 -> 20
A23: 18 | B23: 苏北大米 | C23: 20kg/袋 | D23: 袋 | E23: 1 | F23: =H23/0.85 -> 129.41176 | G23: =H23/F23 -> 0.85 | H23: 110 | I23: =E23*H23 -> 110
A24: 19 | B24: 燕麦片 | C24: 散称 | D24: 斤 | E24: 3 | F24: =H24/0.85 -> 5.2941176 | G24: =H24/F24 -> 0.85 | H24: 4.5 | I24: =E24*H24 -> 13.5
A25: 20 | B25: 1911老酸奶 | D25: 杯 | E25: 50 | F25: =H25/0.85 -> 4.1176471 | G25: =H25/F25 -> 0.85 | H25: 3.5 | I25: =E25*H25 -> 175
A26: 21
A27: 22
A28: 23
A29: 24
A30: 25
A31: 26
A32: 27
A33: 28
A34: 供货合计: | B34: =SUM(I6:I33) -> 925.8
A35: 金额大写： | B35: =B34 -> 925.8
A36: 制表人 ：樊君丽 收货人： 送货人：

Sheet 28
A1: 武汉康恩农贸发展有限公司送货单
A3: 收货单位： | B3: 汉南数智化检测分公司
A4: 配送日期： | B4: 45258
A5: 序号 | B5: 名称 | C5: 规格 | D5: 单位 | E5: 数量 | F5: 超市价格 | G5: 折扣率 | H5: 折后价 | I5: 折后金额 | J5: 备注
A6: 1 | B6: （新鲜）河粉 | D6: 斤 | E6: 5 | F6: =H6/0.85 -> 3.5294118 | G6: =H6/F6 -> 0.85 | H6: 3 | I6: =E6*H6 -> 15
A7: 2 | B7: 饺子皮 | D7: 斤 | E7: 4 | F7: =H7/0.85 -> 4.1176471 | G7: =H7/F7 -> 0.85 | H7: 3.5 | I7: =E7*H7 -> 14
A8: 3 | B8: 热干面（熟） | D8: 斤 | E8: 4 | F8: =H8/0.85 -> 4.1176471 | G8: =H8/F8 -> 0.85 | H8: 3.5 | I8: =E8*H8 -> 14
A9: 4 | B9: 生姜 | D9: 斤 | E9: 5 | F9: =H9/0.85 -> 15.058824 | G9: =H9/F9 -> 0.85 | H9: 12.8 | I9: =E9*H9 -> 64
A10: 5 | B10: 蒜米 | D10: 斤 | E10: 4 | F10: =H10/0.85 -> 9.1764706 | G10: =H10/F10 -> 0.85 | H10: 7.8 | I10: =E10*H10 -> 31.2
A11: 6 | B11: 小葱 | D11: 斤 | E11: 1 | F11: =H11/0.85 -> 8 | G11: =H11/F11 -> 0.85 | H11: 6.8 | I11: =E11*H11 -> 6.8
A12: 7 | B12: 大土豆 | D12: 斤 | E12: 18 | F12: =H12/0.85 -> 4.1176471 | G12: =H12/F12 -> 0.85 | H12: 3.5 | I12: =E12*H12 -> 63
A13: 8 | B13: 红椒 | D13: 斤 | E13: 2 | F13: =H13/0.85 -> 8.8235294 | G13: =H13/F13 -> 0.85 | H13: 7.5 | I13: =E13*H13 -> 15
A14: 9 | B14: 铁棍山药 | D14: 斤 | E14: 4 | F14: =H14/0.85 -> 10.352941 | G14: =H14/F14 -> 0.85 | H14: 8.8 | I14: =E14*H14 -> 35.2
A15: 10 | B15: 芜湖青椒 | D15: 斤 | E15: 2 | F15: =H15/0.85 -> 4.7058824 | G15: =H15/F15 -> 0.85 | H15: 4 | I15: =E15*H15 -> 8
A16: 11 | B16: 冬瓜 | D16: 斤 | E16: 15.6 | F16: =H16/0.85 -> 2.9411765 | G16: =H16/F16 -> 0.85 | H16: 2.5 | I16: =E16*H16 -> 39
A17: 12 | B17: 生菜 | D17: 斤 | E17: 14 | F17: =H17/0.85 -> 5.6470588 | G17: =H17/F17 -> 0.85 | H17: 4.8 | I17: =E17*H17 -> 67.2
... A19: 14 | B19: 嫩豆腐 | D19: 斤 | E19: 15 | F19: =H19/0.85 -> 4.1176471 | G19: =H19/F19 -> 0.85 | H19: 3.5 | I19: =E19*H19 -> 52.5
A20: 15 | B20: 红壳鸡蛋 | C20: 12板/件 | D20: 件 | E20: 1 | F20: =H20/0.85 -> 352.94118 | G20: =H20/F20 -> 0.85 | H20: 300 | I20: =E20*H20 -> 300
A21: 16 | B21: 【鲜】净麻鸭 | D21: 斤 | E21: 12.7 | F21: =H21/0.85 -> 25.882353 | G21: =H21/F21 -> 0.85 | H21: 22 | I21: =E21*H21 -> 279.4
A22: 17 | B22: 【鲜】猪瘦肉丝 | D22: 斤 | E22: 5 | F22: =H22/0.85 -> 23.529412 | G22: =H22/F22 -> 0.85 | H22: 20 | I22: =E22*H22 -> 100
A23: 18 | B23: 【鲜】猪通排骨 | D23: 斤 | E23: 8 | F23: =H23/0.85 -> 32.941176 | G23: =H23/F23 -> 0.85 | H23: 28 | I23: =E23*H23 -> 224
A24: 19 | B24: 顺发鸡翅中 | C24: 1kg*10袋/件 | D24: 袋 | E24: 6 | F24: =H24/0.85 -> 64.705882 | G24: =H24/F24 -> 0.85 | H24: 55 | I24: =E24*H24 -> 330
A25: 20 | B25: 清水笋丝 | C25: 2.5kg*6包/件 | D25: 包 | E25: 3 | F25: =H25/0.85 -> 16.235294 | G25: =H25/F25 -> 0.85 | H25: 13.8 | I25: =E25*H25 -> 41.4
A26: 21
A27: 22
A28: 23
A29: 24
A30: 25
A31: 26
A32: 27
A33: 供货合计: | B33: =SUM(I6:I32) -> 1799.15
A34: 金额大写： | B34: =B33 -> 1799.15
A35: 制表人 ：樊君丽 收货人： 送货人：

Sheet 29
A1: 武汉康恩农贸发展有限公司送货单
A3: 收货单位： | B3: 汉南数智化检测分公司
A4: 配送日期： | B4: 45259
A5: 序号 | B5: 名称 | C5: 规格 | D5: 单位 | E5: 数量 | F5: 超市价格 | G5: 折扣率 | H5: 折后价 | I5: 折后金额 | J5: 备注
A6: 1 | B6: （新鲜）河粉 | D6: 斤 | E6: 3 | F6: =H6/0.85 -> 3.5294118 | G6: =H6/F6 -> 0.85 | H6: 3 | I6: =E6*H6 -> 9
A7: 2 | B7: 馄饨皮 | D7: 斤 | E7: 2 | F7: =H7/0.85 -> 4.1176471 | G7: =H7/F7 -> 0.85 | H7: 3.5 | I7: =E7*H7 -> 7
A8: 3 | B8: 热干面（熟） | D8: 斤 | E8: 2 | F8: =H8/0.85 -> 4.1176471 | G8: =H8/F8 -> 0.85 | H8: 3.5 | I8: =E8*H8 -> 7
A9: 4 | B9: 生面窝浆 | D9: 斤 | E9: 4 | F9: =H9/0.85 -> 7.0588235 | G9: =H9/F9 -> 0.85 | H9: 6 | I9: =E9*H9 -> 24
A10: 5 | B10: 大藕 | D10: 斤 | E10: 5 | F10: =H10/0.85 -> 4.4705882 | G10: =H10/F10 -> 0.85 | H10: 3.8 | I10: =E10*H10 -> 19
A11: 6 | B11: 甜玉米棒 | D11: 个 | E11: 9 | F11: =H11/0.85 -> 3.5294118 | G11: =H11/F11 -> 0.85 | H11: 3 | I11: =E11*H11 -> 27
A12: 7 | B12: 西兰花 | D12: 斤 | E12: 9 | F12: =H12/0.85 -> 6.8235294 | G12: =H12/F12 -> 0.85 | H12: 5.8 | I12: =E12*H12 -> 52.2
A13: 8 | B13: 口蘑 | D13: 斤 | E13: 6 | F13: =H13/0.85 -> 13.882353 | G13: =H13/F13 -> 0.85 | H13: 11.8 | I13: =E13*H13 -> 70.8
A14: 9 | B14: 鲜香菇 | D14: 斤 | E14: 1 | F14: =H14/0.85 -> 11.529412 | G14: =H14/F14 -> 0.85 | H14: 9.8 | I14: =E14*H14 -> 9.8
A15: 10 | B15: 菠菜 | D15: 斤 | E15: 13 | F15: =H15/0.85 -> 5.6470588 | G15: =H15/F15 -> 0.85 | H15: 4.8 | I15: =E15*H15 -> 62.4
A16: 11 | B16: 厚干子 | D16: 斤 | E16: 8 | F16: =H16/0.85 -> 8 | G16: =H16/F16 -> 0.85 | H16: 6.8 | I16: =E16*H16 -> 54.4
A17: 12 | B17: 【鲜】五花肉沫 | D17: 斤 | E17: 2 | F17: =H17/0.85 -> 16.235294 | G17: =H17/F17 -> 0.85 | H17: 13.8 | I17: =E17*H17 -> 27.6
... A20: 15 | B20: 【鲜】净牛蛙 | D20: 斤 | E20: 13 | F20: =H20/0.85 -> 32.941176 | G20: =H20/F20 -> 0.85 | H20: 28 | I20: =E20*H20 -> 364
A21: 16 | B21: 福达坊芝麻香油 | C21: 360ml*12瓶 | D21: 件 | E21: 1 | F21: =H21/0.85 -> 176.47059 | G21: =H21/F21 -> 0.85 | H21: 150 | I21: =E21*H21 -> 150
A22: 17 | B22: 干莲子米（去芯） | C22: 散称 | D22: 斤 | E22: 1 | F22: =H22/0.85 -> 41.176471 | G22: =H22/F22 -> 0.85 | H22: 35 | I22: =E22*H22 -> 35
A23: 18 | B23: 正和珍珠糯米 | C23: 50斤/袋 | D23: 斤 | E23: 4 | F23: =H23/0.85 -> 5.7647059 | G23: =H23/F23 -> 0.85 | H23: 4.9 | I23: =E23*H23 -> 19.6
A24: 19 | B24: 1911老酸奶 | D24: 杯 | E24: 45 | F24: =H24/0.85 -> 4.1176471 | G24: =H24/F24 -> 0.85 | H24: 3.5 | I24: =E24*H24 -> 157.5
A25: 20 | B25: 卤牛肉 | D25: 斤 | E25: 5 | F25: =H25/0.85 -> 103.52941 | G25: =H25/F25 -> 0.85 | H25: 88 | I25: =E25*H25 -> 440
A26: 21 | B26: 卤香干 | D26: 斤 | E26: 1 | F26: =H26/0.85 -> 11.529412 | G26: =H26/F26 -> 0.85 | H26: 9.8 | I26: =E26*H26 -> 9.8
A27: 22 | B27: 净鳝鱼 | D27: 斤 | E27: 4 | F27: =H27/0.85 -> 82.352941 | G27: =H27/F27 -> 0.85 | H27: 70 | I27: =E27*H27 -> 280
A28: 23
A29: 24
A30: 25
A31: 供货合计: | B31: =SUM(I6:I30) -> 2097.5
A32: 金额大写： | B32: =B31 -> 2097.5
A33: 制表人 ：樊君丽 收货人： 送货人：

Sheet 30
A1: 武汉康恩农贸发展有限公司送货单
A3: 收货单位： | B3: 汉南数智化检测分公司
A4: 配送日期： | B4: 45260
A5: 序号 | B5: 名称 | C5: 规格 | D5: 单位 | E5: 数量 | F5: 超市价格 | G5: 折扣率 | H5: 折后价 | I5: 折后金额 | J5: 备注
A6: 1 | B6: 热干面（熟） | D6: 斤 | E6: 6 | F6: =H6/0.85 -> 4.1176471 | G6: =H6/F6 -> 0.85 | H6: 3.5 | I6: =E6*H6 -> 21
A7: 2 | B7: 红椒 | D7: 斤 | E7: 3 | F7: =H7/0.85 -> 8.8235294 | G7: =H7/F7 -> 0.85 | H7: 7.5 | I7: =E7*H7 -> 22.5
A8: 3 | B8: 芜湖青椒 | D8: 斤 | E8: 3 | F8: =H8/0.85 -> 4.7058824 | G8: =H8/F8 -> 0.85 | H8: 4 | I8: =E8*H8 -> 12
A9: 4 | B9: 西红柿 | D9: 斤 | E9: 13 | F9: =H9/0.85 -> 4.4705882 | G9: =H9/F9 -> 0.85 | H9: 3.8 | I9: =E9*H9 -> 49.4
A10: 5 | B10: 老南瓜 | D10: 斤 | E10: 20 | F10: =H10/0.85 -> 2.9411765 | G10: =H10/F10 -> 0.85 | H10: 2.5 | I10: =E10*H10 -> 50
A11: 6 | B11: 平菇 | D11: 斤 | E11: 1 | F11: =H11/0.85 -> 9.1764706 | G11: =H11/F11 -> 0.85 | H11: 7.8 | I11: =E11*H11 -> 7.8
A12: 7 | B12: 平包菜 | D12: 斤 | E12: 12 | F12: =H12/0.85 -> 2.3529412 | G12: =H12/F12 -> 0.85 | H12: 2 | I12: =E12*H12 -> 24
A13: 8 | B13: 细土芹 | D13: 斤 | E13: 4 | F13: =H13/0.85 -> 5.6470588 | G13: =H13/F13 -> 0.85 | H13: 4.8 | I13: =E13*H13 -> 19.2
A14: 9 | B14: 橙子 | D14: 斤 | E14: 30.3 | F14: =H14/0.85 -> 8 | G14: =H14/F14 -> 0.85 | H14: 6.8 | I14: =E14*H14 -> 206.04
A15: 10 | B15: 熟鹌鹑蛋 | D15: 斤 | E15: 2 | F15: =H15/0.85 -> 16.235294 | G15: =H15/F15 -> 0.85 | H15: 13.8 | I15: =E15*H15 -> 27.6
A16: 11 | B16: 【鲜】筒子骨 | D16: 斤 | E16: 8 | F16: =H16/0.85 -> 16.235294 | G16: =H16/F16 -> 0.85 | H16: 13.8 | I16: =E16*H16 -> 110.4
A17: 12 | B17: 【鲜】猪瘦肉丝 | D17: 斤 | E17: 5 | F17: =H17/0.85 -> 23.529412 | G17: =H17/F17 -> 0.85 | H17: 20 | I17: =E17*H17 -> 100
A18: 13 | B18: 安卓中号蛋挞皮 20g*60个*5袋/件 | D18: 件 | E18: 1 | F18: =H18/0.85 -> 211.76471 | G18: =H18/F18 -> 0.85 | H18: 180 | I18: =E18*H18 -> 180
A19: 14 | B19: 白芝麻 | C19: 散称 | D19: 斤 | E19: 1 | F19: =H19/0.85 -> 17.647059 | G19: =H19/F19 -> 0.85 | H19: 15 | I19: =E19*H19 -> 15
A20: 15 | B20: 鑫海贸紫菜50g | C20: 50g*48包 | D20: 包 | E20: 10 | F20: =H20/0.85 -> 8 | G20: =H20/F20 -> 0.85 | H20: 6.8 | I20: =E20*H20 -> 68
A21: 16 | B21: 鑫怡久久海带头 | C21: 9KG/件 | D21: 斤 | E21: 6 | F21: =H21/0.85 -> 8 | G21: =H21/F21 -> 0.85 | H21: 6.8 | I21: =E21*H21 -> 40.8
A22: 17 | B22: 红米 | C22: 散称 | D22: 斤 | E22: 2 | F22: =H22/0.85 -> 8 | G22: =H22/F22 -> 0.85 | H22: 6.8 | I22: =E22*H22 -> 13.6
A23: 18 | B23: 卤牛肚 | D23: 斤 | E23: 8 | F23: =H23/0.85 -> 103.52941 | G23: =H23/F23 -> 0.85 | H23: 88 | I23: =E23*H23 -> 704
A24: 19
A25: 20
A26: 21
A27: 22
A28: 23
A29: 24
A30: 25
A31: 26
A32: 27
A33: 供货合计: | B33: =SUM(I6:I32) -> 1671.34
A34: 金额大写： | B34: =B33 -> 1671.34
A35: 制表人 ：樊君丽 收货人： 送货人：

Sheet 11月合计
A1: 39号食堂
A2: 日期 | B2: 单1
A3: 45231 | B3: ='1'!B32 -> 1945.8
A4: 45232 | B4: ='2'!B32 -> 1755.74
A5: 45233 | B5: ='3'!B34 -> 1155.15
A6: 45234 | B6: 0
A7: 45235 | B7: 0
A8: 45236 | B8: ='6'!B32 -> 2047.4
A9: 45237 | B9: ='7'!B34 -> 1140.8
A10: 45238 | B10: ='8'!B34 -> 1054.1
A11: 45239 | B11: ='9'!B33 -> 1277.7
A12: 45240 | B12: ='10'!B33 -> 1452.34
A13: 45241 | B13: 0
A14: 45242 | B14: 0
A15: 45243 | B15: ='13'!B34 -> 1721.14
A16: 45244 | B16: ='14'!B33 -> 1417.65
A17: 45245 | B17: ='15'!B34 -> 1943.26
A18: 45246 | B18: ='16'!B33 -> 1940.4
A19: 45247 | B19: ='17'!B34 -> 661.6
A20: 45248 | B20: 0
A21: 45249 | B21: 0
A22: 45250 | B22: ='20.'!B34 -> 2035.5
A23: 45251 | B23: ='21.'!B34 -> 2069.2
A24: 45252 | B24: ='22'!B33 -> 2063.6
A25: 45253 | B25: ='23'!B33 -> 2304.91
A26: 45254 | B26: ='24'!B34 -> 1519.4
A27: 45255 | B27: 0
A28: 45256 | B28: 0
A29: 45257 | B29: ='27'!B34 -> 925.8
A30: 45258 | B30: ='28'!B33 -> 1799.15
A31: 45259 | B31: ='29'!B31 -> 2097.5
A32: 45260 | B32: ='30'!B33 -> 1671.34
A33: 合计 | B33: =SUM(B3:B32) -> 35999.48
